Sr.,File Path,Class,Method,Line Number,Smell,Severity,Rule ID,Message,Effort
1,commons-jcs3-core/src/main/java/org/apache/commons/jcs3/JCS.java,JCS,N/A,40,Add a private constructor to hide the implicit public one.,MAJOR,java:S1118,Add a private constructor to hide the implicit public one.,5min
2,commons-jcs3-core/src/main/java/org/apache/commons/jcs3/access/AbstractCacheAccess.java,AbstractCacheAccess,N/A,48,Complete the task associated to this TODO comment.,INFO,java:S1135,Complete the task associated to this TODO comment.,0min
3,commons-jcs3-core/src/main/java/org/apache/commons/jcs3/access/CacheAccess.java,CacheAccess,N/A,328,This block of commented-out lines of code should be removed.,MAJOR,java:S125,This block of commented-out lines of code should be removed.,5min
4,commons-jcs3-core/src/main/java/org/apache/commons/jcs3/access/exception/ObjectNotFoundException.java,ObjectNotFoundException,N/A,25,Complete the task associated to this TODO comment.,INFO,java:S1135,Complete the task associated to this TODO comment.,0min
5,commons-jcs3-core/src/main/java/org/apache/commons/jcs3/admin/CacheRegionInfo.java,CacheRegionInfo,N/A,71,"Constructor has 9 parameters, which is greater than 7 authorized.",MAJOR,java:S107,"Constructor has 9 parameters, which is greater than 7 authorized.",20min
6,commons-jcs3-core/src/main/java/org/apache/commons/jcs3/admin/CountingOnlyOutputStream.java,CountingOnlyOutputStream,N/A,32,Complete the task associated to this TODO comment.,INFO,java:S1135,Complete the task associated to this TODO comment.,0min
7,commons-jcs3-core/src/main/java/org/apache/commons/jcs3/admin/JCSAdminBean.java,JCSAdminBean,N/A,N/A,"Use the ""java.time"" API for date and time.",INFO,java:S2143,"Use the ""java.time"" API for date and time.",15min
8,commons-jcs3-core/src/main/java/org/apache/commons/jcs3/admin/JCSAdminBean.java,JCSAdminBean,N/A,84,Complete the task associated to this TODO comment.,INFO,java:S1135,Complete the task associated to this TODO comment.,0min
9,commons-jcs3-core/src/main/java/org/apache/commons/jcs3/admin/JCSAdminBean.java,JCSAdminBean,N/A,326,Refactor this method to reduce its Cognitive Complexity from 17 to the 15 allowed.,CRITICAL,java:S3776,Refactor this method to reduce its Cognitive Complexity from 17 to the 15 allowed.,7min
10,commons-jcs3-core/src/main/java/org/apache/commons/jcs3/admin/JCSJMXBean.java,JCSJMXBean,N/A,36,Complete the task associated to this TODO comment.,INFO,java:S1135,Complete the task associated to this TODO comment.,0min
11,commons-jcs3-core/src/main/java/org/apache/commons/jcs3/auxiliary/AbstractAuxiliaryCache.java,AbstractAuxiliaryCache,N/A,103,"""get"" is defined in the ""ICache"" interface and can be removed from this class.",MINOR,java:S3038,"""get"" is defined in the ""ICache"" interface and can be removed from this class.",2min
12,commons-jcs3-core/src/main/java/org/apache/commons/jcs3/auxiliary/AbstractAuxiliaryCache.java,AbstractAuxiliaryCache,N/A,193,"Remove the declaration of thrown exception 'java.io.IOException', as it cannot be thrown from method's body.",MINOR,java:S1130,"Remove the declaration of thrown exception 'java.io.IOException', as it cannot be thrown from method's body.",5min
13,commons-jcs3-core/src/main/java/org/apache/commons/jcs3/auxiliary/AbstractAuxiliaryCacheAttributes.java,AbstractAuxiliaryCacheAttributes,N/A,49,"Remove this ""clone"" implementation; use a copy constructor or copy factory instead.",BLOCKER,java:S2975,"Remove this ""clone"" implementation; use a copy constructor or copy factory instead.",30min
14,commons-jcs3-core/src/main/java/org/apache/commons/jcs3/auxiliary/AbstractAuxiliaryCacheMonitor.java,AbstractAuxiliaryCacheMonitor,N/A,78,"Change the visibility of this constructor to ""protected"".",MAJOR,java:S5993,"Change the visibility of this constructor to ""protected"".",2min
15,commons-jcs3-core/src/main/java/org/apache/commons/jcs3/auxiliary/AuxiliaryCache.java,AuxiliaryCache,N/A,51,Complete the task associated to this TODO comment.,INFO,java:S1135,Complete the task associated to this TODO comment.,0min
16,commons-jcs3-core/src/main/java/org/apache/commons/jcs3/auxiliary/AuxiliaryCacheAttributes.java,AuxiliaryCacheAttributes,N/A,36,"Remove this ""clone"" implementation; use a copy constructor or copy factory instead.",BLOCKER,java:S2975,"Remove this ""clone"" implementation; use a copy constructor or copy factory instead.",30min
17,commons-jcs3-core/src/main/java/org/apache/commons/jcs3/auxiliary/AuxiliaryCacheConfigurator.java,AuxiliaryCacheConfigurator,N/A,35,Add a private constructor to hide the implicit public one.,MAJOR,java:S1118,Add a private constructor to hide the implicit public one.,5min
18,commons-jcs3-core/src/main/java/org/apache/commons/jcs3/auxiliary/AuxiliaryCacheConfigurator.java,AuxiliaryCacheConfigurator,N/A,93,Complete the task associated to this TODO comment.,INFO,java:S1135,Complete the task associated to this TODO comment.,0min
19,commons-jcs3-core/src/main/java/org/apache/commons/jcs3/auxiliary/AuxiliaryCacheFactory.java,AuxiliaryCacheFactory,N/A,46,Replace generic exceptions with specific library exceptions or a custom exception.,MAJOR,java:S112,Replace generic exceptions with specific library exceptions or a custom exception.,20min
20,commons-jcs3-core/src/main/java/org/apache/commons/jcs3/auxiliary/disk/AbstractDiskCache.java,AbstractDiskCache,N/A,123,Complete the task associated to this TODO comment.,INFO,java:S1135,Complete the task associated to this TODO comment.,0min
21,commons-jcs3-core/src/main/java/org/apache/commons/jcs3/auxiliary/disk/AbstractDiskCache.java,AbstractDiskCache,N/A,514,"""getKeySet"" is defined in the ""AuxiliaryCache"" interface and can be removed from this class.",MINOR,java:S3038,"""getKeySet"" is defined in the ""AuxiliaryCache"" interface and can be removed from this class.",2min
22,commons-jcs3-core/src/main/java/org/apache/commons/jcs3/auxiliary/disk/AbstractDiskCache.java,AbstractDiskCache,N/A,558,"""getSize"" is defined in the ""ICache"" interface and can be removed from this class.",MINOR,java:S3038,"""getSize"" is defined in the ""ICache"" interface and can be removed from this class.",2min
23,commons-jcs3-core/src/main/java/org/apache/commons/jcs3/auxiliary/disk/AbstractDiskCache.java,AbstractDiskCache,N/A,600,Remove or merge the dangling Javadoc comment(s).,MAJOR,java:S8491,Remove or merge the dangling Javadoc comment(s).,5min
24,commons-jcs3-core/src/main/java/org/apache/commons/jcs3/auxiliary/disk/AbstractDiskCache.java,AbstractDiskCache,N/A,619,Complete the task associated to this TODO comment.,INFO,java:S1135,Complete the task associated to this TODO comment.,0min
25,commons-jcs3-core/src/main/java/org/apache/commons/jcs3/auxiliary/disk/AbstractDiskCacheAttributes.java,AbstractDiskCacheAttributes,N/A,40,Rename this constant name to match the regular expression '^[A-Z][A-Z0-9]*(_[A-Z0-9]+)*$'.,CRITICAL,java:S115,Rename this constant name to match the regular expression '^[A-Z][A-Z0-9]*(_[A-Z0-9]+)*$'.,2min
26,commons-jcs3-core/src/main/java/org/apache/commons/jcs3/auxiliary/disk/block/BlockDisk.java,BlockDisk,N/A,349,Replace this lambda with method reference 'data::limit'.,MINOR,java:S1612,Replace this lambda with method reference 'data::limit'.,2min
27,commons-jcs3-core/src/main/java/org/apache/commons/jcs3/auxiliary/disk/block/BlockDisk.java,BlockDisk,N/A,374,This block of commented-out lines of code should be removed.,MAJOR,java:S125,This block of commented-out lines of code should be removed.,5min
28,commons-jcs3-core/src/main/java/org/apache/commons/jcs3/auxiliary/disk/block/BlockDisk.java,BlockDisk,N/A,380,Extract this nested code block into a method.,MINOR,java:S1199,Extract this nested code block into a method.,10min
29,commons-jcs3-core/src/main/java/org/apache/commons/jcs3/auxiliary/disk/block/BlockDiskCache.java,BlockDiskCache,N/A,179,This block of commented-out lines of code should be removed.,MAJOR,java:S125,This block of commented-out lines of code should be removed.,5min
30,commons-jcs3-core/src/main/java/org/apache/commons/jcs3/auxiliary/disk/block/BlockDiskCache.java,BlockDiskCache,N/A,325,Replace this usage of 'Stream.collect(Collectors.toList())' with 'Stream.toList()' and ensure that the list is unmodified.,MAJOR,java:S6204,Replace this usage of 'Stream.collect(Collectors.toList())' with 'Stream.toList()' and ensure that the list is unmodified.,5min
31,commons-jcs3-core/src/main/java/org/apache/commons/jcs3/auxiliary/disk/block/BlockDiskCache.java,BlockDiskCache,N/A,331,Complete the task associated to this TODO comment.,INFO,java:S1135,Complete the task associated to this TODO comment.,0min
32,commons-jcs3-core/src/main/java/org/apache/commons/jcs3/auxiliary/disk/block/BlockDiskCache.java,BlockDiskCache,N/A,352,Replace this usage of 'Stream.collect(Collectors.toList())' with 'Stream.toList()' and ensure that the list is unmodified.,MAJOR,java:S6204,Replace this usage of 'Stream.collect(Collectors.toList())' with 'Stream.toList()' and ensure that the list is unmodified.,5min
33,commons-jcs3-core/src/main/java/org/apache/commons/jcs3/auxiliary/disk/block/BlockDiskCache.java,BlockDiskCache,N/A,358,Complete the task associated to this TODO comment.,INFO,java:S1135,Complete the task associated to this TODO comment.,0min
34,commons-jcs3-core/src/main/java/org/apache/commons/jcs3/auxiliary/disk/block/BlockDiskCache.java,BlockDiskCache,N/A,382,Complete the task associated to this TODO comment.,INFO,java:S1135,Complete the task associated to this TODO comment.,0min
35,commons-jcs3-core/src/main/java/org/apache/commons/jcs3/auxiliary/disk/block/BlockDiskCache.java,BlockDiskCache,N/A,508,Replace this instanceof check and cast with 'instanceof String string',MINOR,java:S6201,Replace this instanceof check and cast with 'instanceof String string',5min
36,commons-jcs3-core/src/main/java/org/apache/commons/jcs3/auxiliary/disk/block/BlockDiskCache.java,BlockDiskCache,N/A,643,Complete the task associated to this TODO comment.,INFO,java:S1135,Complete the task associated to this TODO comment.,0min
37,commons-jcs3-core/src/main/java/org/apache/commons/jcs3/auxiliary/disk/block/BlockDiskCache.java,BlockDiskCache,N/A,663,Complete the task associated to this TODO comment.,INFO,java:S1135,Complete the task associated to this TODO comment.,0min
38,commons-jcs3-core/src/main/java/org/apache/commons/jcs3/auxiliary/disk/block/BlockDiskCache.java,BlockDiskCache,N/A,691,"Remove this useless assignment; ""alright"" already holds the assigned value along all execution paths.",MAJOR,java:S4165,"Remove this useless assignment; ""alright"" already holds the assigned value along all execution paths.",5min
39,commons-jcs3-core/src/main/java/org/apache/commons/jcs3/auxiliary/disk/block/BlockDiskElementDescriptor.java,BlockDiskElementDescriptor,N/A,41,"Make non-static ""key"" transient or serializable.",CRITICAL,java:S1948,"Make non-static ""key"" transient or serializable.",30min
40,commons-jcs3-core/src/main/java/org/apache/commons/jcs3/auxiliary/disk/block/BlockDiskKeyStore.java,BlockDiskKeyStore,N/A,63,Reorder the modifiers to comply with the Java Language Specification.,MINOR,java:S1124,Reorder the modifiers to comply with the Java Language Specification.,2min
41,commons-jcs3-core/src/main/java/org/apache/commons/jcs3/auxiliary/disk/block/BlockDiskKeyStore.java,BlockDiskKeyStore,N/A,100,Reorder the modifiers to comply with the Java Language Specification.,MINOR,java:S1124,Reorder the modifiers to comply with the Java Language Specification.,2min
42,commons-jcs3-core/src/main/java/org/apache/commons/jcs3/auxiliary/disk/block/BlockDiskKeyStore.java,BlockDiskKeyStore,N/A,201,"Prefix this call to ""size"" with ""super."".",MAJOR,java:S2388,"Prefix this call to ""size"" with ""super."".",5min
43,commons-jcs3-core/src/main/java/org/apache/commons/jcs3/auxiliary/disk/block/BlockDiskKeyStore.java,BlockDiskKeyStore,N/A,215,Reorder the modifiers to comply with the Java Language Specification.,MINOR,java:S1124,Reorder the modifiers to comply with the Java Language Specification.,2min
44,commons-jcs3-core/src/main/java/org/apache/commons/jcs3/auxiliary/disk/block/BlockDiskKeyStore.java,BlockDiskKeyStore,N/A,356,This block of commented-out lines of code should be removed.,MAJOR,java:S125,This block of commented-out lines of code should be removed.,5min
45,commons-jcs3-core/src/main/java/org/apache/commons/jcs3/auxiliary/disk/block/BlockDiskKeyStore.java,BlockDiskKeyStore,N/A,387,Refactor this method to reduce its Cognitive Complexity from 21 to the 15 allowed.,CRITICAL,java:S3776,Refactor this method to reduce its Cognitive Complexity from 21 to the 15 allowed.,11min
46,commons-jcs3-core/src/main/java/org/apache/commons/jcs3/auxiliary/disk/block/BlockDiskKeyStore.java,BlockDiskKeyStore,N/A,412,Extract this nested try block into a separate method.,MAJOR,java:S1141,Extract this nested try block into a separate method.,20min
47,commons-jcs3-core/src/main/java/org/apache/commons/jcs3/auxiliary/disk/indexed/IndexedDisk.java,IndexedDisk,N/A,132,Complete the task associated to this TODO comment.,INFO,java:S1135,Complete the task associated to this TODO comment.,0min
48,commons-jcs3-core/src/main/java/org/apache/commons/jcs3/auxiliary/disk/indexed/IndexedDisk.java,IndexedDisk,N/A,179,"Define a constant instead of duplicating this literal ""Record "" 3 times.",CRITICAL,java:S1192,"Define a constant instead of duplicating this literal ""Record "" 3 times.",8min
49,commons-jcs3-core/src/main/java/org/apache/commons/jcs3/auxiliary/disk/indexed/IndexedDisk.java,IndexedDisk,N/A,278,Complete the task associated to this TODO comment.,INFO,java:S1135,Complete the task associated to this TODO comment.,0min
50,commons-jcs3-core/src/main/java/org/apache/commons/jcs3/auxiliary/disk/indexed/IndexedDiskCache.java,IndexedDiskCache,N/A,338,Complete the task associated to this TODO comment.,INFO,java:S1135,Complete the task associated to this TODO comment.,0min
51,commons-jcs3-core/src/main/java/org/apache/commons/jcs3/auxiliary/disk/indexed/IndexedDiskCache.java,IndexedDiskCache,N/A,513,This block of commented-out lines of code should be removed.,MAJOR,java:S125,This block of commented-out lines of code should be removed.,5min
52,commons-jcs3-core/src/main/java/org/apache/commons/jcs3/auxiliary/disk/indexed/IndexedDiskCache.java,IndexedDiskCache,N/A,1156,Complete the task associated to this TODO comment.,INFO,java:S1135,Complete the task associated to this TODO comment.,0min
53,commons-jcs3-core/src/main/java/org/apache/commons/jcs3/auxiliary/disk/indexed/IndexedDiskCache.java,IndexedDiskCache,N/A,1194,Complete the task associated to this TODO comment.,INFO,java:S1135,Complete the task associated to this TODO comment.,0min
54,commons-jcs3-core/src/main/java/org/apache/commons/jcs3/auxiliary/disk/indexed/IndexedDiskCache.java,IndexedDiskCache,N/A,1226,Complete the task associated to this TODO comment.,INFO,java:S1135,Complete the task associated to this TODO comment.,0min
55,commons-jcs3-core/src/main/java/org/apache/commons/jcs3/auxiliary/disk/indexed/IndexedDiskCache.java,IndexedDiskCache,N/A,1362,Replace this instanceof check and cast with 'instanceof String string',MINOR,java:S6201,Replace this instanceof check and cast with 'instanceof String string',5min
56,commons-jcs3-core/src/main/java/org/apache/commons/jcs3/auxiliary/disk/indexed/IndexedDiskCache.java,IndexedDiskCache,N/A,1526,Complete the task associated to this TODO comment.,INFO,java:S1135,Complete the task associated to this TODO comment.,0min
57,commons-jcs3-core/src/main/java/org/apache/commons/jcs3/auxiliary/disk/indexed/IndexedDiskCache.java,IndexedDiskCache,N/A,1552,"Change this ""try"" to a try-with-resources.",CRITICAL,java:S2093,"Change this ""try"" to a try-with-resources.",15min
58,commons-jcs3-core/src/main/java/org/apache/commons/jcs3/auxiliary/disk/indexed/IndexedDiskCacheAttributes.java,IndexedDiskCacheAttributes,N/A,34,Rename this constant name to match the regular expression '^[A-Z][A-Z0-9]*(_[A-Z0-9]+)*$'.,CRITICAL,java:S115,Rename this constant name to match the regular expression '^[A-Z][A-Z0-9]*(_[A-Z0-9]+)*$'.,2min
59,commons-jcs3-core/src/main/java/org/apache/commons/jcs3/auxiliary/disk/indexed/IndexedDiskCacheAttributes.java,IndexedDiskCacheAttributes,N/A,57,"Add a nested comment explaining why this method is empty, throw an UnsupportedOperationException or complete the implementation.",CRITICAL,java:S1186,"Add a nested comment explaining why this method is empty, throw an UnsupportedOperationException or complete the implementation.",5min
60,commons-jcs3-core/src/main/java/org/apache/commons/jcs3/auxiliary/disk/indexed/IndexedDiskDumper.java,IndexedDiskDumper,N/A,43,Replace this use of System.out by a logger.,MAJOR,java:S106,Replace this use of System.out by a logger.,10min
61,commons-jcs3-core/src/main/java/org/apache/commons/jcs3/auxiliary/disk/indexed/IndexedDiskElementDescriptor.java,IndexedDiskElementDescriptor,N/A,85,Replace this instanceof check and cast with 'instanceof IndexedDiskElementDescriptor ided',MINOR,java:S6201,Replace this instanceof check and cast with 'instanceof IndexedDiskElementDescriptor ided',5min
62,commons-jcs3-core/src/main/java/org/apache/commons/jcs3/auxiliary/disk/jdbc/JDBCDiskCache.java,JDBCDiskCache,N/A,195,Extract this nested try block into a separate method.,MAJOR,java:S1141,Extract this nested try block into a separate method.,20min
63,commons-jcs3-core/src/main/java/org/apache/commons/jcs3/auxiliary/disk/jdbc/JDBCDiskCache.java,JDBCDiskCache,N/A,322,This block of commented-out lines of code should be removed.,MAJOR,java:S125,This block of commented-out lines of code should be removed.,5min
64,commons-jcs3-core/src/main/java/org/apache/commons/jcs3/auxiliary/disk/jdbc/JDBCDiskCache.java,JDBCDiskCache,N/A,594,Extract this nested try block into a separate method.,MAJOR,java:S1141,Extract this nested try block into a separate method.,20min
65,commons-jcs3-core/src/main/java/org/apache/commons/jcs3/auxiliary/disk/jdbc/JDBCDiskCache.java,JDBCDiskCache,N/A,634,Return an empty map instead of null.,MAJOR,java:S1168,Return an empty map instead of null.,30min
66,commons-jcs3-core/src/main/java/org/apache/commons/jcs3/auxiliary/disk/jdbc/JDBCDiskCache.java,JDBCDiskCache,N/A,656,Extract this nested try block into a separate method.,MAJOR,java:S1141,Extract this nested try block into a separate method.,20min
67,commons-jcs3-core/src/main/java/org/apache/commons/jcs3/auxiliary/disk/jdbc/JDBCDiskCache.java,JDBCDiskCache,N/A,702,Extract this nested try block into a separate method.,MAJOR,java:S1141,Extract this nested try block into a separate method.,20min
68,commons-jcs3-core/src/main/java/org/apache/commons/jcs3/auxiliary/disk/jdbc/JDBCDiskCache.java,JDBCDiskCache,N/A,747,Extract this nested try block into a separate method.,MAJOR,java:S1141,Extract this nested try block into a separate method.,20min
69,commons-jcs3-core/src/main/java/org/apache/commons/jcs3/auxiliary/disk/jdbc/JDBCDiskCache.java,JDBCDiskCache,N/A,792,Extract this nested try block into a separate method.,MAJOR,java:S1141,Extract this nested try block into a separate method.,20min
70,commons-jcs3-core/src/main/java/org/apache/commons/jcs3/auxiliary/disk/jdbc/ShrinkerThread.java,ShrinkerThread,N/A,129,Catch Exception instead of Throwable.,MAJOR,java:S1181,Catch Exception instead of Throwable.,20min
71,commons-jcs3-core/src/main/java/org/apache/commons/jcs3/auxiliary/disk/jdbc/dsfactory/SharedPoolDataSourceFactory.java,SharedPoolDataSourceFactory,N/A,81,"Remove the declaration of thrown exception 'java.sql.SQLException', as it cannot be thrown from method's body.",MINOR,java:S1130,"Remove the declaration of thrown exception 'java.sql.SQLException', as it cannot be thrown from method's body.",5min
72,commons-jcs3-core/src/main/java/org/apache/commons/jcs3/auxiliary/disk/jdbc/hsql/HSQLDiskCacheFactory.java,HSQLDiskCacheFactory,N/A,65,Complete the task associated to this TODO comment.,INFO,java:S1135,Complete the task associated to this TODO comment.,0min
73,commons-jcs3-core/src/main/java/org/apache/commons/jcs3/auxiliary/disk/jdbc/hsql/HSQLDiskCacheFactory.java,HSQLDiskCacheFactory,N/A,105,Complete the task associated to this TODO comment.,INFO,java:S1135,Complete the task associated to this TODO comment.,0min
74,commons-jcs3-core/src/main/java/org/apache/commons/jcs3/auxiliary/disk/jdbc/mysql/MySQLDiskCache.java,MySQLDiskCache,N/A,71,Complete the task associated to this TODO comment.,INFO,java:S1135,Complete the task associated to this TODO comment.,0min
75,commons-jcs3-core/src/main/java/org/apache/commons/jcs3/auxiliary/disk/jdbc/mysql/MySQLDiskCache.java,MySQLDiskCache,N/A,117,Return an empty map instead of null.,MAJOR,java:S1168,Return an empty map instead of null.,30min
76,commons-jcs3-core/src/main/java/org/apache/commons/jcs3/auxiliary/disk/jdbc/mysql/MySQLDiskCacheFactory.java,MySQLDiskCacheFactory,N/A,N/A,"Use the ""java.time"" API for date and time.",INFO,java:S2143,"Use the ""java.time"" API for date and time.",15min
77,commons-jcs3-core/src/main/java/org/apache/commons/jcs3/auxiliary/disk/jdbc/mysql/MySQLTableOptimizer.java,MySQLTableOptimizer,N/A,109,Complete the task associated to this TODO comment.,INFO,java:S1135,Complete the task associated to this TODO comment.,0min
78,commons-jcs3-core/src/main/java/org/apache/commons/jcs3/auxiliary/disk/jdbc/mysql/MySQLTableOptimizer.java,MySQLTableOptimizer,N/A,172,Extract this nested try block into a separate method.,MAJOR,java:S1141,Extract this nested try block into a separate method.,20min
79,commons-jcs3-core/src/main/java/org/apache/commons/jcs3/auxiliary/disk/jdbc/mysql/MySQLTableOptimizer.java,MySQLTableOptimizer,N/A,246,This block of commented-out lines of code should be removed.,MAJOR,java:S125,This block of commented-out lines of code should be removed.,5min
80,commons-jcs3-core/src/main/java/org/apache/commons/jcs3/auxiliary/disk/jdbc/mysql/util/ScheduleParser.java,ScheduleParser,N/A,N/A,"Use the ""java.time"" API for date and time.",INFO,java:S2143,"Use the ""java.time"" API for date and time.",15min
81,commons-jcs3-core/src/main/java/org/apache/commons/jcs3/auxiliary/disk/jdbc/mysql/util/ScheduleParser.java,ScheduleParser,N/A,30,Add a private constructor to hide the implicit public one.,MAJOR,java:S1118,Add a private constructor to hide the implicit public one.,5min
82,commons-jcs3-core/src/main/java/org/apache/commons/jcs3/auxiliary/disk/jdbc/mysql/util/ScheduleParser.java,ScheduleParser,N/A,48,"Simplify this regular expression to reduce its runtime, as it has super-linear performance due to backtracking.",MAJOR,java:S8786,"Simplify this regular expression to reduce its runtime, as it has super-linear performance due to backtracking.",20min
83,commons-jcs3-core/src/main/java/org/apache/commons/jcs3/auxiliary/lateral/LateralCache.java,LateralCache,N/A,233,Replace this instanceof check and cast with 'instanceof IOException ioexception',MINOR,java:S6201,Replace this instanceof check and cast with 'instanceof IOException ioexception',5min
84,commons-jcs3-core/src/main/java/org/apache/commons/jcs3/auxiliary/lateral/LateralCacheAttributes.java,LateralCacheAttributes,N/A,48,Make sure using this hardcoded IP address is safe here.,MINOR,java:S1313,Make sure using this hardcoded IP address is safe here.,30min
85,commons-jcs3-core/src/main/java/org/apache/commons/jcs3/auxiliary/lateral/LateralCacheAttributes.java,LateralCacheAttributes,N/A,259,This block of commented-out lines of code should be removed.,MAJOR,java:S125,This block of commented-out lines of code should be removed.,5min
86,commons-jcs3-core/src/main/java/org/apache/commons/jcs3/auxiliary/lateral/LateralCacheNoWait.java,LateralCacheNoWait,N/A,101,This block of commented-out lines of code should be removed.,MAJOR,java:S125,This block of commented-out lines of code should be removed.,5min
87,commons-jcs3-core/src/main/java/org/apache/commons/jcs3/auxiliary/lateral/LateralCacheNoWaitFacade.java,LateralCacheNoWaitFacade,N/A,299,This block of commented-out lines of code should be removed.,MAJOR,java:S125,This block of commented-out lines of code should be removed.,5min
88,commons-jcs3-core/src/main/java/org/apache/commons/jcs3/auxiliary/lateral/LateralCacheNoWaitFacade.java,LateralCacheNoWaitFacade,N/A,319,Replace this usage of 'Stream.collect(Collectors.toList())' with 'Stream.toList()' and ensure that the list is unmodified.,MAJOR,java:S6204,Replace this usage of 'Stream.collect(Collectors.toList())' with 'Stream.toList()' and ensure that the list is unmodified.,5min
89,commons-jcs3-core/src/main/java/org/apache/commons/jcs3/auxiliary/lateral/LateralCacheNoWaitFacade.java,LateralCacheNoWaitFacade,N/A,356,Replace this usage of 'Stream.collect(Collectors.toList())' with 'Stream.toList()' and ensure that the list is unmodified.,MAJOR,java:S6204,Replace this usage of 'Stream.collect(Collectors.toList())' with 'Stream.toList()' and ensure that the list is unmodified.,5min
90,commons-jcs3-core/src/main/java/org/apache/commons/jcs3/auxiliary/lateral/behavior/ILateralCacheAttributes.java,ILateralCacheAttributes,N/A,27,Complete the task associated to this TODO comment.,INFO,java:S1135,Complete the task associated to this TODO comment.,0min
91,commons-jcs3-core/src/main/java/org/apache/commons/jcs3/auxiliary/lateral/socket/tcp/LateralTCPCacheFactory.java,LateralTCPCacheFactory,N/A,177,"Simplify this regular expression to reduce its runtime, as it has super-linear performance due to backtracking.",MAJOR,java:S8786,"Simplify this regular expression to reduce its runtime, as it has super-linear performance due to backtracking.",20min
92,commons-jcs3-core/src/main/java/org/apache/commons/jcs3/auxiliary/lateral/socket/tcp/LateralTCPCacheFactory.java,LateralTCPCacheFactory,N/A,297,Complete the task associated to this TODO comment.,INFO,java:S1135,Complete the task associated to this TODO comment.,0min
93,commons-jcs3-core/src/main/java/org/apache/commons/jcs3/auxiliary/lateral/socket/tcp/LateralTCPListener.java,LateralTCPListener,N/A,58,Rename this constant name to match the regular expression '^[A-Z][A-Z0-9]*(_[A-Z0-9]+)*$'.,CRITICAL,java:S115,Rename this constant name to match the regular expression '^[A-Z][A-Z0-9]*(_[A-Z0-9]+)*$'.,2min
94,commons-jcs3-core/src/main/java/org/apache/commons/jcs3/auxiliary/lateral/socket/tcp/LateralTCPListener.java,LateralTCPListener,N/A,91,"Remove the ""transient"" modifier from this field.",MINOR,java:S2065,"Remove the ""transient"" modifier from this field.",2min
95,commons-jcs3-core/src/main/java/org/apache/commons/jcs3/auxiliary/lateral/socket/tcp/LateralTCPListener.java,LateralTCPListener,N/A,281,Complete the task associated to this TODO comment.,INFO,java:S1135,Complete the task associated to this TODO comment.,0min
96,commons-jcs3-core/src/main/java/org/apache/commons/jcs3/auxiliary/lateral/socket/tcp/LateralTCPListener.java,LateralTCPListener,N/A,360,"Remove the declaration of thrown exception 'java.io.IOException', as it cannot be thrown from method's body.",MINOR,java:S1130,"Remove the declaration of thrown exception 'java.io.IOException', as it cannot be thrown from method's body.",5min
97,commons-jcs3-core/src/main/java/org/apache/commons/jcs3/auxiliary/lateral/socket/tcp/LateralTCPListener.java,LateralTCPListener,N/A,382,"Remove the declaration of thrown exception 'java.io.IOException', as it cannot be thrown from method's body.",MINOR,java:S1130,"Remove the declaration of thrown exception 'java.io.IOException', as it cannot be thrown from method's body.",5min
98,commons-jcs3-core/src/main/java/org/apache/commons/jcs3/auxiliary/lateral/socket/tcp/LateralTCPListener.java,LateralTCPListener,N/A,396,"Remove the declaration of thrown exception 'java.io.IOException', as it cannot be thrown from method's body.",MINOR,java:S1130,"Remove the declaration of thrown exception 'java.io.IOException', as it cannot be thrown from method's body.",5min
99,commons-jcs3-core/src/main/java/org/apache/commons/jcs3/auxiliary/lateral/socket/tcp/LateralTCPListener.java,LateralTCPListener,N/A,519,Refactor this method to reduce its Cognitive Complexity from 25 to the 15 allowed.,CRITICAL,java:S3776,Refactor this method to reduce its Cognitive Complexity from 25 to the 15 allowed.,15min
100,commons-jcs3-core/src/main/java/org/apache/commons/jcs3/auxiliary/lateral/socket/tcp/LateralTCPListener.java,LateralTCPListener,N/A,535,Reduce the total number of break and continue statements in this loop to use at most one.,MINOR,java:S135,Reduce the total number of break and continue statements in this loop to use at most one.,40min
101,commons-jcs3-core/src/main/java/org/apache/commons/jcs3/auxiliary/lateral/socket/tcp/LateralTCPService.java,LateralTCPService,N/A,40,Complete the task associated to this TODO comment.,INFO,java:S1135,Complete the task associated to this TODO comment.,0min
102,commons-jcs3-core/src/main/java/org/apache/commons/jcs3/auxiliary/lateral/socket/tcp/LateralTCPService.java,LateralTCPService,N/A,165,Return an empty collection instead of null.,MAJOR,java:S1168,Return an empty collection instead of null.,30min
103,commons-jcs3-core/src/main/java/org/apache/commons/jcs3/auxiliary/lateral/socket/tcp/LateralTCPService.java,LateralTCPService,N/A,210,Return an empty map instead of null.,MAJOR,java:S1168,Return an empty map instead of null.,30min
104,commons-jcs3-core/src/main/java/org/apache/commons/jcs3/auxiliary/lateral/socket/tcp/LateralTCPService.java,LateralTCPService,N/A,244,Complete the task associated to this TODO comment.,INFO,java:S1135,Complete the task associated to this TODO comment.,0min
105,commons-jcs3-core/src/main/java/org/apache/commons/jcs3/auxiliary/lateral/socket/tcp/TCPLateralCacheAttributes.java,TCPLateralCacheAttributes,N/A,37,Make sure using this hardcoded IP address is safe here.,MINOR,java:S1313,Make sure using this hardcoded IP address is safe here.,30min
106,commons-jcs3-core/src/main/java/org/apache/commons/jcs3/auxiliary/lateral/socket/tcp/TCPLateralCacheAttributes.java,TCPLateralCacheAttributes,N/A,424,Complete the task associated to this TODO comment.,INFO,java:S1135,Complete the task associated to this TODO comment.,0min
107,commons-jcs3-core/src/main/java/org/apache/commons/jcs3/auxiliary/remote/AbstractRemoteAuxiliaryCache.java,AbstractRemoteAuxiliaryCache,N/A,75,Complete the task associated to this TODO comment.,INFO,java:S1135,Complete the task associated to this TODO comment.,0min
108,commons-jcs3-core/src/main/java/org/apache/commons/jcs3/auxiliary/remote/AbstractRemoteAuxiliaryCache.java,AbstractRemoteAuxiliaryCache,N/A,91,"Change the visibility of this constructor to ""protected"".",MAJOR,java:S5993,"Change the visibility of this constructor to ""protected"".",2min
109,commons-jcs3-core/src/main/java/org/apache/commons/jcs3/auxiliary/remote/AbstractRemoteAuxiliaryCache.java,AbstractRemoteAuxiliaryCache,N/A,283,This block of commented-out lines of code should be removed.,MAJOR,java:S125,This block of commented-out lines of code should be removed.,5min
110,commons-jcs3-core/src/main/java/org/apache/commons/jcs3/auxiliary/remote/AbstractRemoteCacheListener.java,AbstractRemoteCacheListener,N/A,71,"Change the visibility of this constructor to ""protected"".",MAJOR,java:S5993,"Change the visibility of this constructor to ""protected"".",2min
111,commons-jcs3-core/src/main/java/org/apache/commons/jcs3/auxiliary/remote/AbstractRemoteCacheListener.java,AbstractRemoteCacheListener,N/A,150,Complete the task associated to this TODO comment.,INFO,java:S1135,Complete the task associated to this TODO comment.,0min
112,commons-jcs3-core/src/main/java/org/apache/commons/jcs3/auxiliary/remote/AbstractRemoteCacheListener.java,AbstractRemoteCacheListener,N/A,153,This block of commented-out lines of code should be removed.,MAJOR,java:S125,This block of commented-out lines of code should be removed.,5min
113,commons-jcs3-core/src/main/java/org/apache/commons/jcs3/auxiliary/remote/AbstractRemoteCacheNoWaitFacade.java,AbstractRemoteCacheNoWaitFacade,N/A,64,"Change the visibility of this constructor to ""protected"".",MAJOR,java:S5993,"Change the visibility of this constructor to ""protected"".",2min
114,commons-jcs3-core/src/main/java/org/apache/commons/jcs3/auxiliary/remote/AbstractRemoteCacheNoWaitFacade.java,AbstractRemoteCacheNoWaitFacade,N/A,74,Take the required action to fix the issue indicated by this comment.,MAJOR,java:S1134,Take the required action to fix the issue indicated by this comment.,0min
115,commons-jcs3-core/src/main/java/org/apache/commons/jcs3/auxiliary/remote/AbstractRemoteCacheNoWaitFacade.java,AbstractRemoteCacheNoWaitFacade,N/A,232,This block of commented-out lines of code should be removed.,MAJOR,java:S125,This block of commented-out lines of code should be removed.,5min
116,commons-jcs3-core/src/main/java/org/apache/commons/jcs3/auxiliary/remote/AbstractRemoteCacheNoWaitFacade.java,AbstractRemoteCacheNoWaitFacade,N/A,253,Replace this usage of 'Stream.collect(Collectors.toList())' with 'Stream.toList()' and ensure that the list is unmodified.,MAJOR,java:S6204,Replace this usage of 'Stream.collect(Collectors.toList())' with 'Stream.toList()' and ensure that the list is unmodified.,5min
117,commons-jcs3-core/src/main/java/org/apache/commons/jcs3/auxiliary/remote/CommonRemoteCacheAttributes.java,CommonRemoteCacheAttributes,N/A,43,"Make non-static ""location"" transient or serializable.",CRITICAL,java:S1948,"Make non-static ""location"" transient or serializable.",30min
118,commons-jcs3-core/src/main/java/org/apache/commons/jcs3/auxiliary/remote/CommonRemoteCacheAttributes.java,CommonRemoteCacheAttributes,N/A,64,"Add a nested comment explaining why this method is empty, throw an UnsupportedOperationException or complete the implementation.",CRITICAL,java:S1186,"Add a nested comment explaining why this method is empty, throw an UnsupportedOperationException or complete the implementation.",5min
119,commons-jcs3-core/src/main/java/org/apache/commons/jcs3/auxiliary/remote/RemoteCache.java,RemoteCache,N/A,128,This block of commented-out lines of code should be removed.,MAJOR,java:S125,This block of commented-out lines of code should be removed.,5min
120,commons-jcs3-core/src/main/java/org/apache/commons/jcs3/auxiliary/remote/RemoteCache.java,RemoteCache,N/A,163,Complete the task associated to this TODO comment.,INFO,java:S1135,Complete the task associated to this TODO comment.,0min
121,commons-jcs3-core/src/main/java/org/apache/commons/jcs3/auxiliary/remote/RemoteCache.java,RemoteCache,N/A,181,Replace this instanceof check and cast with 'instanceof IOException ioexception',MINOR,java:S6201,Replace this instanceof check and cast with 'instanceof IOException ioexception',5min
122,commons-jcs3-core/src/main/java/org/apache/commons/jcs3/auxiliary/remote/RemoteCacheAttributes.java,RemoteCacheAttributes,N/A,50,"Make non-static ""failovers"" transient or serializable.",CRITICAL,java:S1948,"Make non-static ""failovers"" transient or serializable.",30min
123,commons-jcs3-core/src/main/java/org/apache/commons/jcs3/auxiliary/remote/RemoteCacheAttributes.java,RemoteCacheAttributes,N/A,68,"Add a nested comment explaining why this method is empty, throw an UnsupportedOperationException or complete the implementation.",CRITICAL,java:S1186,"Add a nested comment explaining why this method is empty, throw an UnsupportedOperationException or complete the implementation.",5min
124,commons-jcs3-core/src/main/java/org/apache/commons/jcs3/auxiliary/remote/RemoteCacheFactory.java,RemoteCacheFactory,N/A,65,Refactor this method to reduce its Cognitive Complexity from 26 to the 15 allowed.,CRITICAL,java:S3776,Refactor this method to reduce its Cognitive Complexity from 26 to the 15 allowed.,16min
125,commons-jcs3-core/src/main/java/org/apache/commons/jcs3/auxiliary/remote/RemoteCacheFactory.java,RemoteCacheFactory,N/A,93,"Simplify this regular expression to reduce its runtime, as it has super-linear performance due to backtracking.",MAJOR,java:S8786,"Simplify this regular expression to reduce its runtime, as it has super-linear performance due to backtracking.",20min
126,commons-jcs3-core/src/main/java/org/apache/commons/jcs3/auxiliary/remote/RemoteCacheFactory.java,RemoteCacheFactory,N/A,123,"Simplify this regular expression to reduce its runtime, as it has super-linear performance due to backtracking.",MAJOR,java:S8786,"Simplify this regular expression to reduce its runtime, as it has super-linear performance due to backtracking.",20min
127,commons-jcs3-core/src/main/java/org/apache/commons/jcs3/auxiliary/remote/RemoteCacheManager.java,RemoteCacheManager,N/A,133,Use only spaces or only tabs for indentation,MAJOR,java:S5664,Use only spaces or only tabs for indentation,5min
128,commons-jcs3-core/src/main/java/org/apache/commons/jcs3/auxiliary/remote/RemoteCacheMonitor.java,RemoteCacheMonitor,N/A,31,Complete the task associated to this TODO comment.,INFO,java:S1135,Complete the task associated to this TODO comment.,0min
129,commons-jcs3-core/src/main/java/org/apache/commons/jcs3/auxiliary/remote/RemoteCacheNoWaitFacade.java,RemoteCacheNoWaitFacade,N/A,51,Rename this constant name to match the regular expression '^[A-Z][A-Z0-9]*(_[A-Z0-9]+)*$'.,CRITICAL,java:S115,Rename this constant name to match the regular expression '^[A-Z][A-Z0-9]*(_[A-Z0-9]+)*$'.,2min
130,commons-jcs3-core/src/main/java/org/apache/commons/jcs3/auxiliary/remote/RemoteCacheNoWaitFacade.java,RemoteCacheNoWaitFacade,N/A,99,"A ""Brain Method"" was detected. Refactor it to reduce at least one of the following metrics: LOC from 100 to 64, Complexity from 17 to 14, Nesting Level from 6 to 2, Number of Variables from 13 to 6.",INFO,java:S6541,"A ""Brain Method"" was detected. Refactor it to reduce at least one of the following metrics: LOC from 100 to 64, Complexity from 17 to 14, Nesting Level from 6 to 2, Number of Variables from 13 to 6.",0min
131,commons-jcs3-core/src/main/java/org/apache/commons/jcs3/auxiliary/remote/RemoteCacheNoWaitFacade.java,RemoteCacheNoWaitFacade,N/A,99,Refactor this method to reduce its Cognitive Complexity from 41 to the 15 allowed.,CRITICAL,java:S3776,Refactor this method to reduce its Cognitive Complexity from 41 to the 15 allowed.,31min
132,commons-jcs3-core/src/main/java/org/apache/commons/jcs3/auxiliary/remote/RemoteCacheNoWaitFacade.java,RemoteCacheNoWaitFacade,N/A,186,Use only spaces or only tabs for indentation,MAJOR,java:S5664,Use only spaces or only tabs for indentation,5min
133,commons-jcs3-core/src/main/java/org/apache/commons/jcs3/auxiliary/remote/RemoteCacheNoWaitFacade.java,RemoteCacheNoWaitFacade,N/A,212,Use only spaces or only tabs for indentation,MAJOR,java:S5664,Use only spaces or only tabs for indentation,5min
134,commons-jcs3-core/src/main/java/org/apache/commons/jcs3/auxiliary/remote/RemoteCacheNoWaitFacade.java,RemoteCacheNoWaitFacade,N/A,287,Refactor this method to reduce its Cognitive Complexity from 35 to the 15 allowed.,CRITICAL,java:S3776,Refactor this method to reduce its Cognitive Complexity from 35 to the 15 allowed.,25min
135,commons-jcs3-core/src/main/java/org/apache/commons/jcs3/auxiliary/remote/RemoteCacheNoWaitFacade.java,RemoteCacheNoWaitFacade,N/A,367,Complete the task associated to this TODO comment.,INFO,java:S1135,Complete the task associated to this TODO comment.,0min
136,commons-jcs3-core/src/main/java/org/apache/commons/jcs3/auxiliary/remote/RemoteLocation.java,RemoteLocation,N/A,30,"Refactor this class declaration to use 'record RemoteLocation(String host, int port)'.",MAJOR,java:S6206,"Refactor this class declaration to use 'record RemoteLocation(String host, int port)'.",20min
137,commons-jcs3-core/src/main/java/org/apache/commons/jcs3/auxiliary/remote/RemoteLocation.java,RemoteLocation,N/A,36,"Simplify this regular expression to reduce its runtime, as it has super-linear performance due to backtracking.",MAJOR,java:S8786,"Simplify this regular expression to reduce its runtime, as it has super-linear performance due to backtracking.",20min
138,commons-jcs3-core/src/main/java/org/apache/commons/jcs3/auxiliary/remote/RemoteUtils.java,RemoteUtils,N/A,113,This block of commented-out lines of code should be removed.,MAJOR,java:S125,This block of commented-out lines of code should be removed.,5min
139,commons-jcs3-core/src/main/java/org/apache/commons/jcs3/auxiliary/remote/RemoteUtils.java,RemoteUtils,N/A,137,Catch Exception instead of Throwable.,MAJOR,java:S1181,Catch Exception instead of Throwable.,20min
140,commons-jcs3-core/src/main/java/org/apache/commons/jcs3/auxiliary/remote/RemoteUtils.java,RemoteUtils,N/A,185,Complete the task associated to this TODO comment.,INFO,java:S1135,Complete the task associated to this TODO comment.,0min
141,commons-jcs3-core/src/main/java/org/apache/commons/jcs3/auxiliary/remote/RemoteUtils.java,RemoteUtils,N/A,248,"Remove this expression which always evaluates to ""true""",MAJOR,java:S2589,"Remove this expression which always evaluates to ""true""",10min
142,commons-jcs3-core/src/main/java/org/apache/commons/jcs3/auxiliary/remote/behavior/IRemoteCacheClient.java,IRemoteCacheClient,N/A,44,Complete the task associated to this TODO comment.,INFO,java:S1135,Complete the task associated to this TODO comment.,0min
143,commons-jcs3-core/src/main/java/org/apache/commons/jcs3/auxiliary/remote/behavior/IRemoteCacheConstants.java,IRemoteCacheConstants,N/A,27,Move constants defined in this interfaces to another class or enum.,CRITICAL,java:S1214,Move constants defined in this interfaces to another class or enum.,10min
144,commons-jcs3-core/src/main/java/org/apache/commons/jcs3/auxiliary/remote/http/behavior/IRemoteHttpCacheConstants.java,IRemoteHttpCacheConstants,N/A,23,Move constants defined in this interfaces to another class or enum.,CRITICAL,java:S1214,Move constants defined in this interfaces to another class or enum.,10min
145,commons-jcs3-core/src/main/java/org/apache/commons/jcs3/auxiliary/remote/http/client/AbstractHttpClient.java,AbstractHttpClient,N/A,59,"Change the visibility of this constructor to ""protected"".",MAJOR,java:S5993,"Change the visibility of this constructor to ""protected"".",2min
146,commons-jcs3-core/src/main/java/org/apache/commons/jcs3/auxiliary/remote/http/client/AbstractHttpClient.java,AbstractHttpClient,N/A,63,"Rename ""httpVersion"" which hides the field declared at line 48.",MAJOR,java:S1117,"Rename ""httpVersion"" which hides the field declared at line 48.",5min
147,commons-jcs3-core/src/main/java/org/apache/commons/jcs3/auxiliary/remote/http/client/RemoteHttpCache.java,RemoteHttpCache,N/A,106,Replace this instanceof check and cast with 'instanceof IOException ioexception',MINOR,java:S6201,Replace this instanceof check and cast with 'instanceof IOException ioexception',5min
148,commons-jcs3-core/src/main/java/org/apache/commons/jcs3/auxiliary/remote/http/client/RemoteHttpCacheClient.java,RemoteHttpCacheClient,N/A,81,"Define a constant instead of duplicating this literal ""The Remote Http Client is not initialized.  Cannot process request."" 7 times.",CRITICAL,java:S1192,"Define a constant instead of duplicating this literal ""The Remote Http Client is not initialized.  Cannot process request."" 7 times.",16min
149,commons-jcs3-core/src/main/java/org/apache/commons/jcs3/auxiliary/remote/http/client/RemoteHttpCacheDispatcher.java,RemoteHttpCacheDispatcher,N/A,72,Complete the task associated to this TODO comment.,INFO,java:S1135,Complete the task associated to this TODO comment.,0min
150,commons-jcs3-core/src/main/java/org/apache/commons/jcs3/auxiliary/remote/http/client/RemoteHttpCacheDispatcher.java,RemoteHttpCacheDispatcher,N/A,92,Extract this nested try block into a separate method.,MAJOR,java:S1141,Extract this nested try block into a separate method.,20min
151,commons-jcs3-core/src/main/java/org/apache/commons/jcs3/auxiliary/remote/http/client/RemoteHttpCacheDispatcher.java,RemoteHttpCacheDispatcher,N/A,147,"Remove the declaration of thrown exception 'org.apache.http.HttpException', as it cannot be thrown from method's body.",MINOR,java:S1130,"Remove the declaration of thrown exception 'org.apache.http.HttpException', as it cannot be thrown from method's body.",5min
152,commons-jcs3-core/src/main/java/org/apache/commons/jcs3/auxiliary/remote/http/client/RemoteHttpCacheDispatcher.java,RemoteHttpCacheDispatcher,N/A,163,Merge the previous cases into this one using comma-separated label.,INFO,java:S6208,Merge the previous cases into this one using comma-separated label.,5min
153,commons-jcs3-core/src/main/java/org/apache/commons/jcs3/auxiliary/remote/http/client/RemoteHttpCacheFactory.java,RemoteHttpCacheFactory,N/A,69,Complete the task associated to this TODO comment.,INFO,java:S1135,Complete the task associated to this TODO comment.,0min
154,commons-jcs3-core/src/main/java/org/apache/commons/jcs3/auxiliary/remote/http/server/AbstractRemoteCacheService.java,AbstractRemoteCacheService,N/A,44,Rename this constant name to match the regular expression '^[A-Z][A-Z0-9]*(_[A-Z0-9]+)*$'.,CRITICAL,java:S115,Rename this constant name to match the regular expression '^[A-Z][A-Z0-9]*(_[A-Z0-9]+)*$'.,2min
155,commons-jcs3-core/src/main/java/org/apache/commons/jcs3/auxiliary/remote/http/server/AbstractRemoteCacheService.java,AbstractRemoteCacheService,N/A,44,Reorder the modifiers to comply with the Java Language Specification.,MINOR,java:S1124,Reorder the modifiers to comply with the Java Language Specification.,2min
156,commons-jcs3-core/src/main/java/org/apache/commons/jcs3/auxiliary/remote/http/server/AbstractRemoteCacheService.java,AbstractRemoteCacheService,N/A,50,"Remove the ""transient"" modifier from this field.",MINOR,java:S2065,"Remove the ""transient"" modifier from this field.",2min
157,commons-jcs3-core/src/main/java/org/apache/commons/jcs3/auxiliary/remote/http/server/AbstractRemoteCacheService.java,AbstractRemoteCacheService,N/A,67,"Change the visibility of this constructor to ""protected"".",MAJOR,java:S5993,"Change the visibility of this constructor to ""protected"".",2min
158,commons-jcs3-core/src/main/java/org/apache/commons/jcs3/auxiliary/remote/http/server/AbstractRemoteCacheService.java,AbstractRemoteCacheService,N/A,319,"Remove the declaration of thrown exception 'java.io.IOException', as it cannot be thrown from method's body.",MINOR,java:S1130,"Remove the declaration of thrown exception 'java.io.IOException', as it cannot be thrown from method's body.",5min
159,commons-jcs3-core/src/main/java/org/apache/commons/jcs3/auxiliary/remote/http/server/RemoteHttpCacheServlet.java,RemoteHttpCacheServlet,N/A,73,Rename this constant name to match the regular expression '^[A-Z][A-Z0-9]*(_[A-Z0-9]+)*$'.,CRITICAL,java:S115,Rename this constant name to match the regular expression '^[A-Z][A-Z0-9]*(_[A-Z0-9]+)*$'.,2min
160,commons-jcs3-core/src/main/java/org/apache/commons/jcs3/auxiliary/remote/http/server/RemoteHttpCacheServlet.java,RemoteHttpCacheServlet,N/A,173,"Make the enclosing method ""static"" or remove this set.",CRITICAL,java:S2696,"Make the enclosing method ""static"" or remove this set.",20min
161,commons-jcs3-core/src/main/java/org/apache/commons/jcs3/auxiliary/remote/http/server/RemoteHttpCacheServlet.java,RemoteHttpCacheServlet,N/A,180,"Make the enclosing method ""static"" or remove this set.",CRITICAL,java:S2696,"Make the enclosing method ""static"" or remove this set.",20min
162,commons-jcs3-core/src/main/java/org/apache/commons/jcs3/auxiliary/remote/http/server/RemoteHttpCacheServlet.java,RemoteHttpCacheServlet,N/A,239,Merge the previous cases into this one using comma-separated label.,INFO,java:S6208,Merge the previous cases into this one using comma-separated label.,5min
163,commons-jcs3-core/src/main/java/org/apache/commons/jcs3/auxiliary/remote/http/server/RemoteHttpCacheServlet.java,RemoteHttpCacheServlet,N/A,330,"Make the enclosing method ""static"" or remove this set.",CRITICAL,java:S2696,"Make the enclosing method ""static"" or remove this set.",20min
164,commons-jcs3-core/src/main/java/org/apache/commons/jcs3/auxiliary/remote/server/RemoteCacheServer.java,RemoteCacheServer,N/A,71,"Override the ""equals"" method in this class.",MINOR,java:S2160,"Override the ""equals"" method in this class.",30min
165,commons-jcs3-core/src/main/java/org/apache/commons/jcs3/auxiliary/remote/server/RemoteCacheServer.java,RemoteCacheServer,N/A,84,Rename this constant name to match the regular expression '^[A-Z][A-Z0-9]*(_[A-Z0-9]+)*$'.,CRITICAL,java:S115,Rename this constant name to match the regular expression '^[A-Z][A-Z0-9]*(_[A-Z0-9]+)*$'.,2min
166,commons-jcs3-core/src/main/java/org/apache/commons/jcs3/auxiliary/remote/server/RemoteCacheServer.java,RemoteCacheServer,N/A,91,Rename this generic name to match the regular expression '^[A-Z][0-9]?$'.,MINOR,java:S119,Rename this generic name to match the regular expression '^[A-Z][0-9]?$'.,10min
167,commons-jcs3-core/src/main/java/org/apache/commons/jcs3/auxiliary/remote/server/RemoteCacheServer.java,RemoteCacheServer,N/A,91,Rename this generic name to match the regular expression '^[A-Z][0-9]?$'.,MINOR,java:S119,Rename this generic name to match the regular expression '^[A-Z][0-9]?$'.,10min
168,commons-jcs3-core/src/main/java/org/apache/commons/jcs3/auxiliary/remote/server/RemoteCacheServer.java,RemoteCacheServer,N/A,184,Rename this generic name to match the regular expression '^[A-Z][0-9]?$'.,MINOR,java:S119,Rename this generic name to match the regular expression '^[A-Z][0-9]?$'.,10min
169,commons-jcs3-core/src/main/java/org/apache/commons/jcs3/auxiliary/remote/server/RemoteCacheServer.java,RemoteCacheServer,N/A,184,Rename this generic name to match the regular expression '^[A-Z][0-9]?$'.,MINOR,java:S119,Rename this generic name to match the regular expression '^[A-Z][0-9]?$'.,10min
170,commons-jcs3-core/src/main/java/org/apache/commons/jcs3/auxiliary/remote/server/RemoteCacheServer.java,RemoteCacheServer,N/A,208,Rename this generic name to match the regular expression '^[A-Z][0-9]?$'.,MINOR,java:S119,Rename this generic name to match the regular expression '^[A-Z][0-9]?$'.,10min
171,commons-jcs3-core/src/main/java/org/apache/commons/jcs3/auxiliary/remote/server/RemoteCacheServer.java,RemoteCacheServer,N/A,208,Rename this generic name to match the regular expression '^[A-Z][0-9]?$'.,MINOR,java:S119,Rename this generic name to match the regular expression '^[A-Z][0-9]?$'.,10min
172,commons-jcs3-core/src/main/java/org/apache/commons/jcs3/auxiliary/remote/server/RemoteCacheServer.java,RemoteCacheServer,N/A,255,"Define a constant instead of duplicating this literal ""RemoteCacheServer"" 8 times.",CRITICAL,java:S1192,"Define a constant instead of duplicating this literal ""RemoteCacheServer"" 8 times.",18min
173,commons-jcs3-core/src/main/java/org/apache/commons/jcs3/auxiliary/remote/server/RemoteCacheServer.java,RemoteCacheServer,N/A,255,"Define a constant instead of duplicating this literal ""addCacheListener"" 3 times.",CRITICAL,java:S1192,"Define a constant instead of duplicating this literal ""addCacheListener"" 3 times.",8min
174,commons-jcs3-core/src/main/java/org/apache/commons/jcs3/auxiliary/remote/server/RemoteCacheServer.java,RemoteCacheServer,N/A,433,Complete the task associated to this TODO comment.,INFO,java:S1135,Complete the task associated to this TODO comment.,0min
175,commons-jcs3-core/src/main/java/org/apache/commons/jcs3/auxiliary/remote/server/RemoteCacheServer.java,RemoteCacheServer,N/A,845,Complete the task associated to this TODO comment.,INFO,java:S1135,Complete the task associated to this TODO comment.,0min
176,commons-jcs3-core/src/main/java/org/apache/commons/jcs3/auxiliary/remote/server/RemoteCacheServer.java,RemoteCacheServer,N/A,1030,"Remove this expression which always evaluates to ""true""",MAJOR,java:S2589,"Remove this expression which always evaluates to ""true""",10min
177,commons-jcs3-core/src/main/java/org/apache/commons/jcs3/auxiliary/remote/server/RemoteCacheServer.java,RemoteCacheServer,N/A,1078,"Remove this expression which always evaluates to ""true""",MAJOR,java:S2589,"Remove this expression which always evaluates to ""true""",10min
178,commons-jcs3-core/src/main/java/org/apache/commons/jcs3/auxiliary/remote/server/RemoteCacheServer.java,RemoteCacheServer,N/A,1129,Extract this nested try block into a separate method.,MAJOR,java:S1141,Extract this nested try block into a separate method.,20min
179,commons-jcs3-core/src/main/java/org/apache/commons/jcs3/auxiliary/remote/server/RemoteCacheServer.java,RemoteCacheServer,N/A,1169,"Remove this expression which always evaluates to ""true""",MAJOR,java:S2589,"Remove this expression which always evaluates to ""true""",10min
180,commons-jcs3-core/src/main/java/org/apache/commons/jcs3/auxiliary/remote/server/RemoteCacheServer.java,RemoteCacheServer,N/A,1191,Complete the task associated to this TODO comment.,INFO,java:S1135,Complete the task associated to this TODO comment.,0min
181,commons-jcs3-core/src/main/java/org/apache/commons/jcs3/auxiliary/remote/server/RemoteCacheServer.java,RemoteCacheServer,N/A,1315,Rename this generic name to match the regular expression '^[A-Z][0-9]?$'.,MINOR,java:S119,Rename this generic name to match the regular expression '^[A-Z][0-9]?$'.,10min
182,commons-jcs3-core/src/main/java/org/apache/commons/jcs3/auxiliary/remote/server/RemoteCacheServer.java,RemoteCacheServer,N/A,1315,Rename this generic name to match the regular expression '^[A-Z][0-9]?$'.,MINOR,java:S119,Rename this generic name to match the regular expression '^[A-Z][0-9]?$'.,10min
183,commons-jcs3-core/src/main/java/org/apache/commons/jcs3/auxiliary/remote/server/RemoteCacheServer.java,RemoteCacheServer,N/A,1335,Rename this generic name to match the regular expression '^[A-Z][0-9]?$'.,MINOR,java:S119,Rename this generic name to match the regular expression '^[A-Z][0-9]?$'.,10min
184,commons-jcs3-core/src/main/java/org/apache/commons/jcs3/auxiliary/remote/server/RemoteCacheServer.java,RemoteCacheServer,N/A,1335,Rename this generic name to match the regular expression '^[A-Z][0-9]?$'.,MINOR,java:S119,Rename this generic name to match the regular expression '^[A-Z][0-9]?$'.,10min
185,commons-jcs3-core/src/main/java/org/apache/commons/jcs3/auxiliary/remote/server/RemoteCacheServer.java,RemoteCacheServer,N/A,1450,Complete the task associated to this TODO comment.,INFO,java:S1135,Complete the task associated to this TODO comment.,0min
186,commons-jcs3-core/src/main/java/org/apache/commons/jcs3/auxiliary/remote/server/RemoteCacheServerAttributes.java,RemoteCacheServerAttributes,N/A,36,Reorder the modifiers to comply with the Java Language Specification.,MINOR,java:S1124,Reorder the modifiers to comply with the Java Language Specification.,2min
187,commons-jcs3-core/src/main/java/org/apache/commons/jcs3/auxiliary/remote/server/RemoteCacheServerAttributes.java,RemoteCacheServerAttributes,N/A,54,"Add a nested comment explaining why this method is empty, throw an UnsupportedOperationException or complete the implementation.",CRITICAL,java:S1186,"Add a nested comment explaining why this method is empty, throw an UnsupportedOperationException or complete the implementation.",5min
188,commons-jcs3-core/src/main/java/org/apache/commons/jcs3/auxiliary/remote/server/RemoteCacheServerFactory.java,RemoteCacheServerFactory,N/A,170,"Define a constant instead of duplicating this literal ""RegistryKeepAliveRunner"" 6 times.",CRITICAL,java:S1192,"Define a constant instead of duplicating this literal ""RegistryKeepAliveRunner"" 6 times.",14min
189,commons-jcs3-core/src/main/java/org/apache/commons/jcs3/auxiliary/remote/server/RemoteCacheServerFactory.java,RemoteCacheServerFactory,N/A,233,Replace generic exceptions with specific library exceptions or a custom exception.,MAJOR,java:S112,Replace generic exceptions with specific library exceptions or a custom exception.,20min
190,commons-jcs3-core/src/main/java/org/apache/commons/jcs3/auxiliary/remote/server/RemoteCacheServerFactory.java,RemoteCacheServerFactory,N/A,294,Extract this nested try block into a separate method.,MAJOR,java:S1141,Extract this nested try block into a separate method.,20min
191,commons-jcs3-core/src/main/java/org/apache/commons/jcs3/auxiliary/remote/server/RemoteCacheServerFactory.java,RemoteCacheServerFactory,N/A,296,This block of commented-out lines of code should be removed.,MAJOR,java:S125,This block of commented-out lines of code should be removed.,5min
192,commons-jcs3-core/src/main/java/org/apache/commons/jcs3/auxiliary/remote/util/RemoteCacheRequestFactory.java,RemoteCacheRequestFactory,N/A,33,Add a private constructor to hide the implicit public one.,MAJOR,java:S1118,Add a private constructor to hide the implicit public one.,5min
193,commons-jcs3-core/src/main/java/org/apache/commons/jcs3/auxiliary/remote/value/RemoteCacheRequest.java,RemoteCacheRequest,N/A,49,"Make non-static ""key"" transient or serializable.",CRITICAL,java:S1948,"Make non-static ""key"" transient or serializable.",30min
194,commons-jcs3-core/src/main/java/org/apache/commons/jcs3/auxiliary/remote/value/RemoteCacheRequest.java,RemoteCacheRequest,N/A,52,"Make non-static ""keySet"" transient or serializable.",CRITICAL,java:S1948,"Make non-static ""keySet"" transient or serializable.",30min
195,commons-jcs3-core/src/main/java/org/apache/commons/jcs3/auxiliary/remote/value/RemoteCacheResponse.java,RemoteCacheResponse,N/A,44,"Make non-static ""payload"" transient or serializable.",CRITICAL,java:S1948,"Make non-static ""payload"" transient or serializable.",30min
196,commons-jcs3-core/src/main/java/org/apache/commons/jcs3/engine/AbstractCacheEventQueue.java,AbstractCacheEventQueue,N/A,70,Catch Exception instead of Throwable.,MAJOR,java:S1181,Catch Exception instead of Throwable.,20min
197,commons-jcs3-core/src/main/java/org/apache/commons/jcs3/engine/CacheElement.java,CacheElement,N/A,40,"Make non-static ""key"" transient or serializable.",CRITICAL,java:S1948,"Make non-static ""key"" transient or serializable.",30min
198,commons-jcs3-core/src/main/java/org/apache/commons/jcs3/engine/CacheElement.java,CacheElement,N/A,43,"Make non-static ""val"" transient or serializable.",CRITICAL,java:S1948,"Make non-static ""val"" transient or serializable.",30min
199,commons-jcs3-core/src/main/java/org/apache/commons/jcs3/engine/CacheElementSerialized.java,CacheElementSerialized,N/A,42,"Make non-static ""key"" transient or serializable.",CRITICAL,java:S1948,"Make non-static ""key"" transient or serializable.",30min
200,commons-jcs3-core/src/main/java/org/apache/commons/jcs3/engine/CacheInfo.java,CacheInfo,N/A,34,Complete the task associated to this TODO comment.,INFO,java:S1135,Complete the task associated to this TODO comment.,0min
201,commons-jcs3-core/src/main/java/org/apache/commons/jcs3/engine/CacheInfo.java,CacheInfo,N/A,40,Rename this constant name to match the regular expression '^[A-Z][A-Z0-9]*(_[A-Z0-9]+)*$'.,CRITICAL,java:S115,Rename this constant name to match the regular expression '^[A-Z][A-Z0-9]*(_[A-Z0-9]+)*$'.,2min
202,commons-jcs3-core/src/main/java/org/apache/commons/jcs3/engine/CompositeCacheAttributes.java,CompositeCacheAttributes,N/A,116,"Remove this ""clone"" implementation; use a copy constructor or copy factory instead.",BLOCKER,java:S2975,"Remove this ""clone"" implementation; use a copy constructor or copy factory instead.",30min
203,commons-jcs3-core/src/main/java/org/apache/commons/jcs3/engine/ElementAttributes.java,ElementAttributes,N/A,47,"Rename this field ""IS_SPOOL"" to match the regular expression '^[a-z][a-zA-Z0-9]*$'.",MINOR,java:S116,"Rename this field ""IS_SPOOL"" to match the regular expression '^[a-z][a-zA-Z0-9]*$'.",2min
204,commons-jcs3-core/src/main/java/org/apache/commons/jcs3/engine/ElementAttributes.java,ElementAttributes,N/A,50,"Rename this field ""IS_LATERAL"" to match the regular expression '^[a-z][a-zA-Z0-9]*$'.",MINOR,java:S116,"Rename this field ""IS_LATERAL"" to match the regular expression '^[a-z][a-zA-Z0-9]*$'.",2min
205,commons-jcs3-core/src/main/java/org/apache/commons/jcs3/engine/ElementAttributes.java,ElementAttributes,N/A,53,"Rename this field ""IS_REMOTE"" to match the regular expression '^[a-z][a-zA-Z0-9]*$'.",MINOR,java:S116,"Rename this field ""IS_REMOTE"" to match the regular expression '^[a-z][a-zA-Z0-9]*$'.",2min
206,commons-jcs3-core/src/main/java/org/apache/commons/jcs3/engine/ElementAttributes.java,ElementAttributes,N/A,59,"Rename this field ""IS_ETERNAL"" to match the regular expression '^[a-z][a-zA-Z0-9]*$'.",MINOR,java:S116,"Rename this field ""IS_ETERNAL"" to match the regular expression '^[a-z][a-zA-Z0-9]*$'.",2min
207,commons-jcs3-core/src/main/java/org/apache/commons/jcs3/engine/ElementAttributes.java,ElementAttributes,N/A,83,Complete the task associated to this TODO comment.,INFO,java:S1135,Complete the task associated to this TODO comment.,0min
208,commons-jcs3-core/src/main/java/org/apache/commons/jcs3/engine/ElementAttributes.java,ElementAttributes,N/A,169,"Remove this ""clone"" implementation; use a copy constructor or copy factory instead.",BLOCKER,java:S2975,"Remove this ""clone"" implementation; use a copy constructor or copy factory instead.",30min
209,commons-jcs3-core/src/main/java/org/apache/commons/jcs3/engine/PooledCacheEventQueue.java,PooledCacheEventQueue,N/A,171,Replace this instanceof check and cast with 'instanceof ThreadPoolExecutor threadpoolexecutor',MINOR,java:S6201,Replace this instanceof check and cast with 'instanceof ThreadPoolExecutor threadpoolexecutor',5min
210,commons-jcs3-core/src/main/java/org/apache/commons/jcs3/engine/ZombieCacheServiceNonLocal.java,ZombieCacheServiceNonLocal,N/A,231,Replace generic exceptions with specific library exceptions or a custom exception.,MAJOR,java:S112,Replace generic exceptions with specific library exceptions or a custom exception.,20min
211,commons-jcs3-core/src/main/java/org/apache/commons/jcs3/engine/behavior/ICacheServiceNonLocal.java,ICacheServiceNonLocal,N/A,32,Complete the task associated to this TODO comment.,INFO,java:S1135,Complete the task associated to this TODO comment.,0min
212,commons-jcs3-core/src/main/java/org/apache/commons/jcs3/engine/behavior/ICacheServiceNonLocal.java,ICacheServiceNonLocal,N/A,56,Complete the task associated to this TODO comment.,INFO,java:S1135,Complete the task associated to this TODO comment.,0min
213,commons-jcs3-core/src/main/java/org/apache/commons/jcs3/engine/behavior/ICompositeCacheAttributes.java,ICompositeCacheAttributes,N/A,45,"Remove this ""clone"" implementation; use a copy constructor or copy factory instead.",BLOCKER,java:S2975,"Remove this ""clone"" implementation; use a copy constructor or copy factory instead.",30min
214,commons-jcs3-core/src/main/java/org/apache/commons/jcs3/engine/behavior/ICompositeCacheAttributes.java,ICompositeCacheAttributes,N/A,172,Complete the task associated to this TODO comment.,INFO,java:S1135,Complete the task associated to this TODO comment.,0min
215,commons-jcs3-core/src/main/java/org/apache/commons/jcs3/engine/behavior/ICompositeCacheAttributes.java,ICompositeCacheAttributes,N/A,190,Complete the task associated to this TODO comment.,INFO,java:S1135,Complete the task associated to this TODO comment.,0min
216,commons-jcs3-core/src/main/java/org/apache/commons/jcs3/engine/behavior/IElementAttributes.java,IElementAttributes,N/A,51,"Remove this ""clone"" implementation; use a copy constructor or copy factory instead.",BLOCKER,java:S2975,"Remove this ""clone"" implementation; use a copy constructor or copy factory instead.",30min
217,commons-jcs3-core/src/main/java/org/apache/commons/jcs3/engine/control/CompositeCache.java,CompositeCache,N/A,177,Complete the task associated to this TODO comment.,INFO,java:S1135,Complete the task associated to this TODO comment.,0min
218,commons-jcs3-core/src/main/java/org/apache/commons/jcs3/engine/control/CompositeCache.java,CompositeCache,N/A,178,Complete the task associated to this TODO comment.,INFO,java:S1135,Complete the task associated to this TODO comment.,0min
219,commons-jcs3-core/src/main/java/org/apache/commons/jcs3/engine/control/CompositeCache.java,CompositeCache,N/A,226,Refactor this method to reduce its Cognitive Complexity from 18 to the 15 allowed.,CRITICAL,java:S3776,Refactor this method to reduce its Cognitive Complexity from 18 to the 15 allowed.,8min
220,commons-jcs3-core/src/main/java/org/apache/commons/jcs3/engine/control/CompositeCache.java,CompositeCache,N/A,347,Refactor this method to reduce its Cognitive Complexity from 26 to the 15 allowed.,CRITICAL,java:S3776,Refactor this method to reduce its Cognitive Complexity from 26 to the 15 allowed.,16min
221,commons-jcs3-core/src/main/java/org/apache/commons/jcs3/engine/control/CompositeCache.java,CompositeCache,N/A,391,"Define a constant instead of duplicating this literal ""Attempting to get from aux [{0}] which is of type: {1}"" 3 times.",CRITICAL,java:S1192,"Define a constant instead of duplicating this literal ""Attempting to get from aux [{0}] which is of type: {1}"" 3 times.",8min
222,commons-jcs3-core/src/main/java/org/apache/commons/jcs3/engine/control/CompositeCache.java,CompositeCache,N/A,394,Extract this nested try block into a separate method.,MAJOR,java:S1141,Extract this nested try block into a separate method.,20min
223,commons-jcs3-core/src/main/java/org/apache/commons/jcs3/engine/control/CompositeCache.java,CompositeCache,N/A,400,"Define a constant instead of duplicating this literal ""Error getting from aux"" 3 times.",CRITICAL,java:S1192,"Define a constant instead of duplicating this literal ""Error getting from aux"" 3 times.",8min
224,commons-jcs3-core/src/main/java/org/apache/commons/jcs3/engine/control/CompositeCache.java,CompositeCache,N/A,525,"Remove the declaration of thrown exception 'java.io.IOException', as it cannot be thrown from method's body.",MINOR,java:S1130,"Remove the declaration of thrown exception 'java.io.IOException', as it cannot be thrown from method's body.",5min
225,commons-jcs3-core/src/main/java/org/apache/commons/jcs3/engine/control/CompositeCache.java,CompositeCache,N/A,920,Replace this usage of 'Stream.collect(Collectors.toList())' with 'Stream.toList()' and ensure that the list is unmodified.,MAJOR,java:S6204,Replace this usage of 'Stream.collect(Collectors.toList())' with 'Stream.toList()' and ensure that the list is unmodified.,5min
226,commons-jcs3-core/src/main/java/org/apache/commons/jcs3/engine/control/CompositeCache.java,CompositeCache,N/A,1141,"Remove the declaration of thrown exception 'java.io.IOException', as it cannot be thrown from method's body.",MINOR,java:S1130,"Remove the declaration of thrown exception 'java.io.IOException', as it cannot be thrown from method's body.",5min
227,commons-jcs3-core/src/main/java/org/apache/commons/jcs3/engine/control/CompositeCache.java,CompositeCache,N/A,1243,Reduce the total number of break and continue statements in this loop to use at most one.,MINOR,java:S135,Reduce the total number of break and continue statements in this loop to use at most one.,20min
228,commons-jcs3-core/src/main/java/org/apache/commons/jcs3/engine/control/CompositeCache.java,CompositeCache,N/A,1344,Remove useless curly braces around statement,MINOR,java:S1602,Remove useless curly braces around statement,5min
229,commons-jcs3-core/src/main/java/org/apache/commons/jcs3/engine/control/CompositeCache.java,CompositeCache,N/A,1446,Replace this instanceof check and cast with 'instanceof IRequireScheduler irequirescheduler',MINOR,java:S6201,Replace this instanceof check and cast with 'instanceof IRequireScheduler irequirescheduler',5min
230,commons-jcs3-core/src/main/java/org/apache/commons/jcs3/engine/control/CompositeCache.java,CompositeCache,N/A,1585,Refactor this method to reduce its Cognitive Complexity from 23 to the 15 allowed.,CRITICAL,java:S3776,Refactor this method to reduce its Cognitive Complexity from 23 to the 15 allowed.,13min
231,commons-jcs3-core/src/main/java/org/apache/commons/jcs3/engine/control/CompositeCacheConfigurator.java,CompositeCacheConfigurator,N/A,125,Refactor this method to reduce its Cognitive Complexity from 16 to the 15 allowed.,CRITICAL,java:S3776,Refactor this method to reduce its Cognitive Complexity from 16 to the 15 allowed.,6min
232,commons-jcs3-core/src/main/java/org/apache/commons/jcs3/engine/control/CompositeCacheConfigurator.java,CompositeCacheConfigurator,N/A,150,Replace this instanceof check and cast with 'instanceof IRequireScheduler irequirescheduler',MINOR,java:S6201,Replace this instanceof check and cast with 'instanceof IRequireScheduler irequirescheduler',5min
233,commons-jcs3-core/src/main/java/org/apache/commons/jcs3/engine/control/CompositeCacheConfigurator.java,CompositeCacheConfigurator,N/A,178,"Define a constant instead of duplicating this literal ""Parsing options for \""{0}\"""" 3 times.",CRITICAL,java:S1192,"Define a constant instead of duplicating this literal ""Parsing options for \""{0}\"""" 3 times.",8min
234,commons-jcs3-core/src/main/java/org/apache/commons/jcs3/engine/control/CompositeCacheConfigurator.java,CompositeCacheConfigurator,N/A,183,"Define a constant instead of duplicating this literal ""End of parsing for \""{0}\"""" 3 times.",CRITICAL,java:S1192,"Define a constant instead of duplicating this literal ""End of parsing for \""{0}\"""" 3 times.",8min
235,commons-jcs3-core/src/main/java/org/apache/commons/jcs3/engine/control/CompositeCacheConfigurator.java,CompositeCacheConfigurator,N/A,199,This block of commented-out lines of code should be removed.,MAJOR,java:S125,This block of commented-out lines of code should be removed.,5min
236,commons-jcs3-core/src/main/java/org/apache/commons/jcs3/engine/control/CompositeCacheConfigurator.java,CompositeCacheConfigurator,N/A,200,Complete the task associated to this TODO comment.,INFO,java:S1135,Complete the task associated to this TODO comment.,0min
237,commons-jcs3-core/src/main/java/org/apache/commons/jcs3/engine/control/CompositeCacheConfigurator.java,CompositeCacheConfigurator,N/A,253,This block of commented-out lines of code should be removed.,MAJOR,java:S125,This block of commented-out lines of code should be removed.,5min
238,commons-jcs3-core/src/main/java/org/apache/commons/jcs3/engine/control/CompositeCacheConfigurator.java,CompositeCacheConfigurator,N/A,293,This block of commented-out lines of code should be removed.,MAJOR,java:S125,This block of commented-out lines of code should be removed.,5min
239,commons-jcs3-core/src/main/java/org/apache/commons/jcs3/engine/control/CompositeCacheConfigurator.java,CompositeCacheConfigurator,N/A,306,This block of commented-out lines of code should be removed.,MAJOR,java:S125,This block of commented-out lines of code should be removed.,5min
240,commons-jcs3-core/src/main/java/org/apache/commons/jcs3/engine/control/CompositeCacheConfigurator.java,CompositeCacheConfigurator,N/A,311,This block of commented-out lines of code should be removed.,MAJOR,java:S125,This block of commented-out lines of code should be removed.,5min
241,commons-jcs3-core/src/main/java/org/apache/commons/jcs3/engine/control/CompositeCacheConfigurator.java,CompositeCacheConfigurator,N/A,388,Refactor this method to reduce its Cognitive Complexity from 16 to the 15 allowed.,CRITICAL,java:S3776,Refactor this method to reduce its Cognitive Complexity from 16 to the 15 allowed.,6min
242,commons-jcs3-core/src/main/java/org/apache/commons/jcs3/engine/control/CompositeCacheConfigurator.java,CompositeCacheConfigurator,N/A,418,"Simplify this regular expression to reduce its runtime, as it has super-linear performance due to backtracking.",MAJOR,java:S8786,"Simplify this regular expression to reduce its runtime, as it has super-linear performance due to backtracking.",20min
243,commons-jcs3-core/src/main/java/org/apache/commons/jcs3/engine/control/CompositeCacheConfigurator.java,CompositeCacheConfigurator,N/A,440,Replace this instanceof check and cast with 'instanceof IRequireScheduler irequirescheduler',MINOR,java:S6201,Replace this instanceof check and cast with 'instanceof IRequireScheduler irequirescheduler',5min
244,commons-jcs3-core/src/main/java/org/apache/commons/jcs3/engine/control/CompositeCacheManager.java,CompositeCacheManager,N/A,247,"Define a constant instead of duplicating this literal ""aux.%s.region.%s"" 3 times.",CRITICAL,java:S1192,"Define a constant instead of duplicating this literal ""aux.%s.region.%s"" 3 times.",8min
245,commons-jcs3-core/src/main/java/org/apache/commons/jcs3/engine/control/CompositeCacheManager.java,CompositeCacheManager,N/A,652,Replace this usage of 'Stream.collect(Collectors.toList())' with 'Stream.toList()' and ensure that the list is unmodified.,MAJOR,java:S6204,Replace this usage of 'Stream.collect(Collectors.toList())' with 'Stream.toList()' and ensure that the list is unmodified.,5min
246,commons-jcs3-core/src/main/java/org/apache/commons/jcs3/engine/control/event/ElementEvent.java,ElementEvent,N/A,39,"Rename field ""elementEvent""",MAJOR,java:S1700,"Rename field ""elementEvent""",10min
247,commons-jcs3-core/src/main/java/org/apache/commons/jcs3/engine/control/event/ElementEventQueue.java,ElementEventQueue,N/A,94,This block of commented-out lines of code should be removed.,MAJOR,java:S125,This block of commented-out lines of code should be removed.,5min
248,commons-jcs3-core/src/main/java/org/apache/commons/jcs3/engine/control/group/GroupAttrName.java,GroupAttrName,N/A,36,Remove this redundant constructor which is the same as a default one.,MAJOR,java:S6207,Remove this redundant constructor which is the same as a default one.,5min
249,commons-jcs3-core/src/main/java/org/apache/commons/jcs3/engine/control/group/GroupId.java,GroupId,N/A,37,Remove this redundant constructor which is the same as a default one.,MAJOR,java:S6207,Remove this redundant constructor which is the same as a default one.,5min
250,commons-jcs3-core/src/main/java/org/apache/commons/jcs3/engine/logging/CacheEvent.java,CacheEvent,N/A,N/A,"Use the ""java.time"" API for date and time.",INFO,java:S2143,"Use the ""java.time"" API for date and time.",15min
251,commons-jcs3-core/src/main/java/org/apache/commons/jcs3/engine/logging/CacheEvent.java,CacheEvent,N/A,49,"Make non-static ""key"" transient or serializable.",CRITICAL,java:S1948,"Make non-static ""key"" transient or serializable.",30min
252,commons-jcs3-core/src/main/java/org/apache/commons/jcs3/engine/logging/behavior/ICacheEventLogger.java,ICacheEventLogger,N/A,31,Complete the task associated to this TODO comment.,INFO,java:S1135,Complete the task associated to this TODO comment.,0min
253,commons-jcs3-core/src/main/java/org/apache/commons/jcs3/engine/logging/behavior/ICacheEventLogger.java,ICacheEventLogger,N/A,65,Remove or merge the dangling Javadoc comment(s).,MAJOR,java:S8491,Remove or merge the dangling Javadoc comment(s).,5min
254,commons-jcs3-core/src/main/java/org/apache/commons/jcs3/engine/memory/AbstractDoubleLinkedListMemoryCache.java,AbstractDoubleLinkedListMemoryCache,N/A,51,Complete the task associated to this TODO comment.,INFO,java:S1135,Complete the task associated to this TODO comment.,0min
255,commons-jcs3-core/src/main/java/org/apache/commons/jcs3/engine/memory/AbstractDoubleLinkedListMemoryCache.java,AbstractDoubleLinkedListMemoryCache,N/A,278,Replace generic exceptions with specific library exceptions or a custom exception.,MAJOR,java:S112,Replace generic exceptions with specific library exceptions or a custom exception.,20min
256,commons-jcs3-core/src/main/java/org/apache/commons/jcs3/engine/memory/AbstractDoubleLinkedListMemoryCache.java,AbstractDoubleLinkedListMemoryCache,N/A,332,Replace generic exceptions with specific library exceptions or a custom exception.,MAJOR,java:S112,Replace generic exceptions with specific library exceptions or a custom exception.,20min
257,commons-jcs3-core/src/main/java/org/apache/commons/jcs3/engine/memory/AbstractDoubleLinkedListMemoryCache.java,AbstractDoubleLinkedListMemoryCache,N/A,342,Replace generic exceptions with specific library exceptions or a custom exception.,MAJOR,java:S112,Replace generic exceptions with specific library exceptions or a custom exception.,20min
258,commons-jcs3-core/src/main/java/org/apache/commons/jcs3/engine/memory/AbstractDoubleLinkedListMemoryCache.java,AbstractDoubleLinkedListMemoryCache,N/A,404,Refactor this method to reduce its Cognitive Complexity from 22 to the 15 allowed.,CRITICAL,java:S3776,Refactor this method to reduce its Cognitive Complexity from 22 to the 15 allowed.,12min
259,commons-jcs3-core/src/main/java/org/apache/commons/jcs3/engine/memory/AbstractMemoryCache.java,AbstractMemoryCache,N/A,69,Complete the task associated to this TODO comment.,INFO,java:S1135,Complete the task associated to this TODO comment.,0min
260,commons-jcs3-core/src/main/java/org/apache/commons/jcs3/engine/memory/AbstractMemoryCache.java,AbstractMemoryCache,N/A,366,Replace this instanceof check and cast with 'instanceof String string',MINOR,java:S6201,Replace this instanceof check and cast with 'instanceof String string',5min
261,commons-jcs3-core/src/main/java/org/apache/commons/jcs3/engine/memory/AbstractMemoryCache.java,AbstractMemoryCache,N/A,461,Replace this instanceof check and cast with 'instanceof String string',MINOR,java:S6201,Replace this instanceof check and cast with 'instanceof String string',5min
262,commons-jcs3-core/src/main/java/org/apache/commons/jcs3/engine/memory/AbstractMemoryCache.java,AbstractMemoryCache,N/A,496,"""update"" is defined in the ""IMemoryCache"" interface and can be removed from this class.",MINOR,java:S3038,"""update"" is defined in the ""IMemoryCache"" interface and can be removed from this class.",2min
263,commons-jcs3-core/src/main/java/org/apache/commons/jcs3/engine/memory/behavior/IMemoryCache.java,IMemoryCache,N/A,86,Complete the task associated to this TODO comment.,INFO,java:S1135,Complete the task associated to this TODO comment.,0min
264,commons-jcs3-core/src/main/java/org/apache/commons/jcs3/engine/memory/behavior/IMemoryCache.java,IMemoryCache,N/A,185,Take the required action to fix the issue indicated by this comment.,MAJOR,java:S1134,Take the required action to fix the issue indicated by this comment.,0min
265,commons-jcs3-core/src/main/java/org/apache/commons/jcs3/engine/memory/shrinking/ShrinkerThread.java,ShrinkerThread,N/A,102,Complete the task associated to this TODO comment.,INFO,java:S1135,Complete the task associated to this TODO comment.,0min
266,commons-jcs3-core/src/main/java/org/apache/commons/jcs3/engine/memory/shrinking/ShrinkerThread.java,ShrinkerThread,N/A,105,Refactor this method to reduce its Cognitive Complexity from 26 to the 15 allowed.,CRITICAL,java:S3776,Refactor this method to reduce its Cognitive Complexity from 26 to the 15 allowed.,16min
267,commons-jcs3-core/src/main/java/org/apache/commons/jcs3/engine/memory/shrinking/ShrinkerThread.java,ShrinkerThread,N/A,187,Catch Exception instead of Throwable.,MAJOR,java:S1181,Catch Exception instead of Throwable.,20min
268,commons-jcs3-core/src/main/java/org/apache/commons/jcs3/engine/memory/shrinking/ShrinkerThread.java,ShrinkerThread,N/A,195,Remove this redundant jump.,MINOR,java:S3626,Remove this redundant jump.,1min
269,commons-jcs3-core/src/main/java/org/apache/commons/jcs3/engine/memory/util/SoftReferenceElementDescriptor.java,SoftReferenceElementDescriptor,N/A,36,Reorder the modifiers to comply with the Java Language Specification.,MINOR,java:S1124,Reorder the modifiers to comply with the Java Language Specification.,2min
270,commons-jcs3-core/src/main/java/org/apache/commons/jcs3/engine/stats/Stats.java,Stats,N/A,36,"Rename field ""stats""",MAJOR,java:S1700,"Rename field ""stats""",10min
271,commons-jcs3-core/src/main/java/org/apache/commons/jcs3/io/ObjectInputStreamClassLoaderAware.java,ObjectInputStreamClassLoaderAware,N/A,41,Rename this constant name to match the regular expression '^[A-Z][A-Z0-9]*(_[A-Z0-9]+)*$'.,CRITICAL,java:S115,Rename this constant name to match the regular expression '^[A-Z][A-Z0-9]*(_[A-Z0-9]+)*$'.,2min
272,commons-jcs3-core/src/main/java/org/apache/commons/jcs3/log/MessageFormatter.java,MessageFormatter,N/A,32,"Remove the ""transient"" modifier from this field.",MINOR,java:S2065,"Remove the ""transient"" modifier from this field.",2min
273,commons-jcs3-core/src/main/java/org/apache/commons/jcs3/log/MessageFormatter.java,MessageFormatter,N/A,33,"Remove the ""transient"" modifier from this field.",MINOR,java:S2065,"Remove the ""transient"" modifier from this field.",2min
274,commons-jcs3-core/src/main/java/org/apache/commons/jcs3/log/MessageFormatter.java,MessageFormatter,N/A,34,"Remove the ""transient"" modifier from this field.",MINOR,java:S2065,"Remove the ""transient"" modifier from this field.",2min
275,commons-jcs3-core/src/main/java/org/apache/commons/jcs3/log/MessageFormatter.java,MessageFormatter,N/A,49,Replace this instanceof check and cast with 'instanceof Throwable throwable',MINOR,java:S6201,Replace this instanceof check and cast with 'instanceof Throwable throwable',5min
276,commons-jcs3-core/src/main/java/org/apache/commons/jcs3/log/MessageFormatter.java,MessageFormatter,N/A,72,Replace this instanceof check and cast with 'instanceof Throwable throwable',MINOR,java:S6201,Replace this instanceof check and cast with 'instanceof Throwable throwable',5min
277,commons-jcs3-core/src/main/java/org/apache/commons/jcs3/utils/access/AbstractJCSWorkerHelper.java,AbstractJCSWorkerHelper,N/A,36,"Change the visibility of this constructor to ""protected"".",MAJOR,java:S5993,"Change the visibility of this constructor to ""protected"".",2min
278,commons-jcs3-core/src/main/java/org/apache/commons/jcs3/utils/access/JCSWorker.java,JCSWorker,N/A,207,This block of commented-out lines of code should be removed.,MAJOR,java:S125,This block of commented-out lines of code should be removed.,5min
279,commons-jcs3-core/src/main/java/org/apache/commons/jcs3/utils/access/JCSWorkerHelper.java,JCSWorkerHelper,N/A,42,Replace generic exceptions with specific library exceptions or a custom exception.,MAJOR,java:S112,Replace generic exceptions with specific library exceptions or a custom exception.,20min
280,commons-jcs3-core/src/main/java/org/apache/commons/jcs3/utils/config/OptionConverter.java,OptionConverter,N/A,162,Catch Exception instead of Throwable.,MAJOR,java:S1181,Catch Exception instead of Throwable.,20min
281,commons-jcs3-core/src/main/java/org/apache/commons/jcs3/utils/config/OptionConverter.java,OptionConverter,N/A,189,Extract this nested try block into a separate method.,MAJOR,java:S1141,Extract this nested try block into a separate method.,20min
282,commons-jcs3-core/src/main/java/org/apache/commons/jcs3/utils/config/PropertySetter.java,PropertySetter,N/A,126,"Immediately return this expression instead of assigning it to the temporary variable ""valueOf"".",MINOR,java:S1488,"Immediately return this expression instead of assigning it to the temporary variable ""valueOf"".",2min
283,commons-jcs3-core/src/main/java/org/apache/commons/jcs3/utils/config/PropertySetter.java,PropertySetter,N/A,193,This block of commented-out lines of code should be removed.,MAJOR,java:S125,This block of commented-out lines of code should be removed.,5min
284,commons-jcs3-core/src/main/java/org/apache/commons/jcs3/utils/config/PropertySetter.java,PropertySetter,N/A,233,Catch Exception instead of Throwable.,MAJOR,java:S1181,Catch Exception instead of Throwable.,20min
285,commons-jcs3-core/src/main/java/org/apache/commons/jcs3/utils/config/PropertySetter.java,PropertySetter,N/A,275,This block of commented-out lines of code should be removed.,MAJOR,java:S125,This block of commented-out lines of code should be removed.,5min
286,commons-jcs3-core/src/main/java/org/apache/commons/jcs3/utils/discovery/DiscoveredService.java,DiscoveredService,N/A,87,"Remove this unnecessary null check; ""instanceof"" returns false for nulls.",MINOR,java:S4201,"Remove this unnecessary null check; ""instanceof"" returns false for nulls.",5min
287,commons-jcs3-core/src/main/java/org/apache/commons/jcs3/utils/discovery/DiscoveredService.java,DiscoveredService,N/A,102,"The return type of this method should be an interface such as ""List"" rather than the implementation ""ArrayList"".",MINOR,java:S1319,"The return type of this method should be an interface such as ""List"" rather than the implementation ""ArrayList"".",10min
288,commons-jcs3-core/src/main/java/org/apache/commons/jcs3/utils/discovery/DiscoveredService.java,DiscoveredService,N/A,141,"The type of ""cacheNames"" should be an interface such as ""List"" rather than the implementation ""ArrayList"".",MINOR,java:S1319,"The type of ""cacheNames"" should be an interface such as ""List"" rather than the implementation ""ArrayList"".",10min
289,commons-jcs3-core/src/main/java/org/apache/commons/jcs3/utils/discovery/UDPDiscoveryAttributes.java,UDPDiscoveryAttributes,N/A,32,Make sure using this hardcoded IP address is safe here.,MINOR,java:S1313,Make sure using this hardcoded IP address is safe here.,30min
290,commons-jcs3-core/src/main/java/org/apache/commons/jcs3/utils/discovery/UDPDiscoveryAttributes.java,UDPDiscoveryAttributes,N/A,77,"Remove this ""clone"" implementation; use a copy constructor or copy factory instead.",BLOCKER,java:S2975,"Remove this ""clone"" implementation; use a copy constructor or copy factory instead.",30min
291,commons-jcs3-core/src/main/java/org/apache/commons/jcs3/utils/discovery/UDPDiscoveryAttributes.java,UDPDiscoveryAttributes,N/A,77,Use super.clone() to create and seed the cloned instance to be returned.,MINOR,java:S1182,Use super.clone() to create and seed the cloned instance to be returned.,20min
292,commons-jcs3-core/src/main/java/org/apache/commons/jcs3/utils/discovery/UDPDiscoveryManager.java,UDPDiscoveryManager,N/A,65,Complete the task associated to this TODO comment.,INFO,java:S1135,Complete the task associated to this TODO comment.,0min
293,commons-jcs3-core/src/main/java/org/apache/commons/jcs3/utils/discovery/UDPDiscoveryManager.java,UDPDiscoveryManager,N/A,99,Replace this instanceof check and cast with 'instanceof IProvideScheduler iprovidescheduler',MINOR,java:S6201,Replace this instanceof check and cast with 'instanceof IProvideScheduler iprovidescheduler',5min
294,commons-jcs3-core/src/main/java/org/apache/commons/jcs3/utils/discovery/UDPDiscoveryMessage.java,UDPDiscoveryMessage,N/A,60,Make sure using this hardcoded IP address is safe here.,MINOR,java:S1313,Make sure using this hardcoded IP address is safe here.,30min
295,commons-jcs3-core/src/main/java/org/apache/commons/jcs3/utils/discovery/UDPDiscoveryMessage.java,UDPDiscoveryMessage,N/A,71,"The return type of this method should be an interface such as ""List"" rather than the implementation ""ArrayList"".",MINOR,java:S1319,"The return type of this method should be an interface such as ""List"" rather than the implementation ""ArrayList"".",10min
296,commons-jcs3-core/src/main/java/org/apache/commons/jcs3/utils/discovery/UDPDiscoveryMessage.java,UDPDiscoveryMessage,N/A,111,"The type of ""cacheNames"" should be an interface such as ""List"" rather than the implementation ""ArrayList"".",MINOR,java:S1319,"The type of ""cacheNames"" should be an interface such as ""List"" rather than the implementation ""ArrayList"".",10min
297,commons-jcs3-core/src/main/java/org/apache/commons/jcs3/utils/discovery/UDPDiscoveryMessage.java,UDPDiscoveryMessage,N/A,162,"Use multiple calls to ""append"" instead of string concatenation.",MINOR,java:S3024,"Use multiple calls to ""append"" instead of string concatenation.",2min
298,commons-jcs3-core/src/main/java/org/apache/commons/jcs3/utils/discovery/UDPDiscoveryReceiver.java,UDPDiscoveryReceiver,N/A,59,Complete the task associated to this TODO comment.,INFO,java:S1135,Complete the task associated to this TODO comment.,0min
299,commons-jcs3-core/src/main/java/org/apache/commons/jcs3/utils/discovery/UDPDiscoveryReceiver.java,UDPDiscoveryReceiver,N/A,62,Rename this constant name to match the regular expression '^[A-Z][A-Z0-9]*(_[A-Z0-9]+)*$'.,CRITICAL,java:S115,Rename this constant name to match the regular expression '^[A-Z][A-Z0-9]*(_[A-Z0-9]+)*$'.,2min
300,commons-jcs3-core/src/main/java/org/apache/commons/jcs3/utils/discovery/UDPDiscoveryReceiver.java,UDPDiscoveryReceiver,N/A,227,Refactor this method to reduce its Cognitive Complexity from 23 to the 15 allowed.,CRITICAL,java:S3776,Refactor this method to reduce its Cognitive Complexity from 23 to the 15 allowed.,13min
301,commons-jcs3-core/src/main/java/org/apache/commons/jcs3/utils/discovery/UDPDiscoveryReceiver.java,UDPDiscoveryReceiver,N/A,241,Reduce the total number of break and continue statements in this loop to use at most one.,MINOR,java:S135,Reduce the total number of break and continue statements in this loop to use at most one.,20min
302,commons-jcs3-core/src/main/java/org/apache/commons/jcs3/utils/discovery/UDPDiscoveryReceiver.java,UDPDiscoveryReceiver,N/A,268,Extract this nested try block into a separate method.,MAJOR,java:S1141,Extract this nested try block into a separate method.,20min
303,commons-jcs3-core/src/main/java/org/apache/commons/jcs3/utils/discovery/UDPDiscoveryReceiver.java,UDPDiscoveryReceiver,N/A,275,Replace this instanceof check and cast with 'instanceof UDPDiscoveryMessage msg',MINOR,java:S6201,Replace this instanceof check and cast with 'instanceof UDPDiscoveryMessage msg',5min
304,commons-jcs3-core/src/main/java/org/apache/commons/jcs3/utils/discovery/UDPDiscoveryService.java,UDPDiscoveryService,N/A,63,"Remove the ""udpReceiverThread"" field and declare it as a local variable in the relevant methods.",MINOR,java:S1450,"Remove the ""udpReceiverThread"" field and declare it as a local variable in the relevant methods.",5min
305,commons-jcs3-core/src/main/java/org/apache/commons/jcs3/utils/discovery/UDPDiscoveryService.java,UDPDiscoveryService,N/A,100,Refactor this method to reduce its Cognitive Complexity from 22 to the 15 allowed.,CRITICAL,java:S3776,Refactor this method to reduce its Cognitive Complexity from 22 to the 15 allowed.,12min
306,commons-jcs3-core/src/main/java/org/apache/commons/jcs3/utils/discovery/UDPDiscoveryService.java,UDPDiscoveryService,N/A,126,Extract this nested try block into a separate method.,MAJOR,java:S1141,Extract this nested try block into a separate method.,20min
307,commons-jcs3-core/src/main/java/org/apache/commons/jcs3/utils/discovery/UDPDiscoveryService.java,UDPDiscoveryService,N/A,130,Reduce the total number of break and continue statements in this loop to use at most one.,MINOR,java:S135,Reduce the total number of break and continue statements in this loop to use at most one.,20min
308,commons-jcs3-core/src/main/java/org/apache/commons/jcs3/utils/discovery/UDPDiscoveryService.java,UDPDiscoveryService,N/A,169,Complete the task associated to this TODO comment.,INFO,java:S1135,Complete the task associated to this TODO comment.,0min
309,commons-jcs3-core/src/main/java/org/apache/commons/jcs3/utils/discovery/UDPDiscoveryService.java,UDPDiscoveryService,N/A,530,This block of commented-out lines of code should be removed.,MAJOR,java:S125,This block of commented-out lines of code should be removed.,5min
310,commons-jcs3-core/src/main/java/org/apache/commons/jcs3/utils/net/HostNameUtil.java,HostNameUtil,N/A,52,Add a private constructor to hide the implicit public one.,MAJOR,java:S1118,Add a private constructor to hide the implicit public one.,5min
311,commons-jcs3-core/src/main/java/org/apache/commons/jcs3/utils/net/HostNameUtil.java,HostNameUtil,N/A,115,Refactor this method to reduce its Cognitive Complexity from 23 to the 15 allowed.,CRITICAL,java:S3776,Refactor this method to reduce its Cognitive Complexity from 23 to the 15 allowed.,13min
312,commons-jcs3-core/src/main/java/org/apache/commons/jcs3/utils/serialization/SerializationConversionUtil.java,SerializationConversionUtil,N/A,34,Add a private constructor to hide the implicit public one.,MAJOR,java:S1118,Add a private constructor to hide the implicit public one.,5min
313,commons-jcs3-core/src/main/java/org/apache/commons/jcs3/utils/struct/AbstractLRUMap.java,AbstractLRUMap,N/A,82,"Change the visibility of this constructor to ""protected"".",MAJOR,java:S5993,"Change the visibility of this constructor to ""protected"".",2min
314,commons-jcs3-core/src/main/java/org/apache/commons/jcs3/utils/struct/AbstractLRUMap.java,AbstractLRUMap,N/A,166,Complete the task associated to this TODO comment.,INFO,java:S1135,Complete the task associated to this TODO comment.,0min
315,commons-jcs3-core/src/main/java/org/apache/commons/jcs3/utils/struct/AbstractLRUMap.java,AbstractLRUMap,N/A,222,This block of commented-out lines of code should be removed.,MAJOR,java:S125,This block of commented-out lines of code should be removed.,5min
316,commons-jcs3-core/src/main/java/org/apache/commons/jcs3/utils/struct/AbstractLRUMap.java,AbstractLRUMap,N/A,358,Replace generic exceptions with specific library exceptions or a custom exception.,MAJOR,java:S112,Replace generic exceptions with specific library exceptions or a custom exception.,20min
317,commons-jcs3-core/src/main/java/org/apache/commons/jcs3/utils/struct/AbstractLRUMap.java,AbstractLRUMap,N/A,453,Replace this usage of 'Stream.collect(Collectors.toList())' with 'Stream.toList()' and ensure that the list is unmodified.,MAJOR,java:S6204,Replace this usage of 'Stream.collect(Collectors.toList())' with 'Stream.toList()' and ensure that the list is unmodified.,5min
318,commons-jcs3-core/src/main/java/org/apache/commons/jcs3/utils/struct/AbstractLRUMap.java,AbstractLRUMap,N/A,461,Refactor this method to reduce its Cognitive Complexity from 19 to the 15 allowed.,CRITICAL,java:S3776,Refactor this method to reduce its Cognitive Complexity from 19 to the 15 allowed.,9min
319,commons-jcs3-core/src/main/java/org/apache/commons/jcs3/utils/struct/DoubleLinkedList.java,DoubleLinkedList,N/A,46,"Add a nested comment explaining why this method is empty, throw an UnsupportedOperationException or complete the implementation.",CRITICAL,java:S1186,"Add a nested comment explaining why this method is empty, throw an UnsupportedOperationException or complete the implementation.",5min
320,commons-jcs3-core/src/main/java/org/apache/commons/jcs3/utils/struct/DoubleLinkedList.java,DoubleLinkedList,N/A,256,Refactor the code in order to not assign to this loop counter from within the loop body.,MAJOR,java:S127,Refactor the code in order to not assign to this loop counter from within the loop body.,10min
321,commons-jcs3-core/src/main/java/org/apache/commons/jcs3/utils/struct/DoubleLinkedListNode.java,DoubleLinkedListNode,N/A,39,"Make non-static ""payload"" transient or serializable.",CRITICAL,java:S1948,"Make non-static ""payload"" transient or serializable.",30min
322,commons-jcs3-core/src/main/java/org/apache/commons/jcs3/utils/struct/LRUElementDescriptor.java,LRUElementDescriptor,N/A,33,"Make non-static ""key"" transient or serializable.",CRITICAL,java:S1948,"Make non-static ""key"" transient or serializable.",30min
323,commons-jcs3-core/src/main/java/org/apache/commons/jcs3/utils/threadpool/DaemonThreadFactory.java,DaemonThreadFactory,N/A,30,Reorder the modifiers to comply with the Java Language Specification.,MINOR,java:S1124,Reorder the modifiers to comply with the Java Language Specification.,2min
324,commons-jcs3-core/src/main/java/org/apache/commons/jcs3/utils/threadpool/PoolConfiguration.java,PoolConfiguration,N/A,128,Use super.clone() to create and seed the cloned instance to be returned.,MINOR,java:S1182,Use super.clone() to create and seed the cloned instance to be returned.,20min
325,commons-jcs3-core/src/main/java/org/apache/commons/jcs3/utils/threadpool/PoolConfiguration.java,PoolConfiguration,N/A,128,"Remove this ""clone"" implementation; use a copy constructor or copy factory instead.",BLOCKER,java:S2975,"Remove this ""clone"" implementation; use a copy constructor or copy factory instead.",30min
326,commons-jcs3-core/src/main/java/org/apache/commons/jcs3/utils/threadpool/ThreadPoolManager.java,ThreadPoolManager,N/A,102,Catch Exception instead of Throwable.,MAJOR,java:S1181,Catch Exception instead of Throwable.,20min
327,commons-jcs3-core/src/main/java/org/apache/commons/jcs3/utils/threadpool/ThreadPoolManager.java,ThreadPoolManager,N/A,117,Catch Exception instead of Throwable.,MAJOR,java:S1181,Catch Exception instead of Throwable.,20min
328,commons-jcs3-core/src/main/java/org/apache/commons/jcs3/utils/threadpool/ThreadPoolManager.java,ThreadPoolManager,N/A,196,"Make the enclosing method ""static"" or remove this set.",CRITICAL,java:S2696,"Make the enclosing method ""static"" or remove this set.",20min
329,commons-jcs3-core/src/test/java/org/apache/commons/jcs3/ConcurrentRemovalLoadTest.java,ConcurrentRemovalLoadTest,N/A,41,Add at least one assertion to this test case.,BLOCKER,java:S2699,Add at least one assertion to this test case.,10min
330,commons-jcs3-core/src/test/java/org/apache/commons/jcs3/ConcurrentRemovalLoadTest.java,ConcurrentRemovalLoadTest,N/A,48,Add at least one assertion to this test case.,BLOCKER,java:S2699,Add at least one assertion to this test case.,10min
331,commons-jcs3-core/src/test/java/org/apache/commons/jcs3/ConcurrentRemovalLoadTest.java,ConcurrentRemovalLoadTest,N/A,55,Add at least one assertion to this test case.,BLOCKER,java:S2699,Add at least one assertion to this test case.,10min
332,commons-jcs3-core/src/test/java/org/apache/commons/jcs3/ConcurrentRemovalLoadTest.java,ConcurrentRemovalLoadTest,N/A,62,Add at least one assertion to this test case.,BLOCKER,java:S2699,Add at least one assertion to this test case.,10min
333,commons-jcs3-core/src/test/java/org/apache/commons/jcs3/ConcurrentRemovalLoadTest.java,ConcurrentRemovalLoadTest,N/A,69,Add at least one assertion to this test case.,BLOCKER,java:S2699,Add at least one assertion to this test case.,10min
334,commons-jcs3-core/src/test/java/org/apache/commons/jcs3/ConcurrentRemovalLoadTest.java,ConcurrentRemovalLoadTest,N/A,76,Add at least one assertion to this test case.,BLOCKER,java:S2699,Add at least one assertion to this test case.,10min
335,commons-jcs3-core/src/test/java/org/apache/commons/jcs3/ConcurrentRemovalLoadTest.java,ConcurrentRemovalLoadTest,N/A,83,Add at least one assertion to this test case.,BLOCKER,java:S2699,Add at least one assertion to this test case.,10min
336,commons-jcs3-core/src/test/java/org/apache/commons/jcs3/ConcurrentRemovalLoadTest.java,ConcurrentRemovalLoadTest,N/A,90,Add at least one assertion to this test case.,BLOCKER,java:S2699,Add at least one assertion to this test case.,10min
337,commons-jcs3-core/src/test/java/org/apache/commons/jcs3/JCSConcurrentCacheAccessUnitTest.java,JCSConcurrentCacheAccessUnitTest,N/A,78,"Remove this use of ""Thread.sleep()"".",MAJOR,java:S2925,"Remove this use of ""Thread.sleep()"".",20min
338,commons-jcs3-core/src/test/java/org/apache/commons/jcs3/JCSConcurrentCacheAccessUnitTest.java,JCSConcurrentCacheAccessUnitTest,N/A,103,This block of commented-out lines of code should be removed.,MAJOR,java:S125,This block of commented-out lines of code should be removed.,5min
339,commons-jcs3-core/src/test/java/org/apache/commons/jcs3/JCSConcurrentCacheAccessUnitTest.java,JCSConcurrentCacheAccessUnitTest,N/A,111,Reorder the modifiers to comply with the Java Language Specification.,MINOR,java:S1124,Reorder the modifiers to comply with the Java Language Specification.,2min
340,commons-jcs3-core/src/test/java/org/apache/commons/jcs3/JCSConcurrentCacheAccessUnitTest.java,JCSConcurrentCacheAccessUnitTest,N/A,113,Reorder the modifiers to comply with the Java Language Specification.,MINOR,java:S1124,Reorder the modifiers to comply with the Java Language Specification.,2min
341,commons-jcs3-core/src/test/java/org/apache/commons/jcs3/JCSLightLoadUnitTest.java,JCSLightLoadUnitTest,N/A,35,Rename this constant name to match the regular expression '^[A-Z][A-Z0-9]*(_[A-Z0-9]+)*$'.,CRITICAL,java:S115,Rename this constant name to match the regular expression '^[A-Z][A-Z0-9]*(_[A-Z0-9]+)*$'.,2min
342,commons-jcs3-core/src/test/java/org/apache/commons/jcs3/JCSLightLoadUnitTest.java,JCSLightLoadUnitTest,N/A,43,"Remove the declaration of thrown exception 'java.lang.Exception', as it cannot be thrown from method's body.",MINOR,java:S1130,"Remove the declaration of thrown exception 'java.lang.Exception', as it cannot be thrown from method's body.",5min
343,commons-jcs3-core/src/test/java/org/apache/commons/jcs3/JCSRemovalSimpleConcurrentTest.java,JCSRemovalSimpleConcurrentTest,N/A,126,"Remove the declaration of thrown exception 'java.lang.Exception', as it cannot be thrown from method's body.",MINOR,java:S1130,"Remove the declaration of thrown exception 'java.lang.Exception', as it cannot be thrown from method's body.",5min
344,commons-jcs3-core/src/test/java/org/apache/commons/jcs3/JCSRemovalSimpleConcurrentTest.java,JCSRemovalSimpleConcurrentTest,N/A,156,"Remove the declaration of thrown exception 'java.lang.Exception', as it cannot be thrown from method's body.",MINOR,java:S1130,"Remove the declaration of thrown exception 'java.lang.Exception', as it cannot be thrown from method's body.",5min
345,commons-jcs3-core/src/test/java/org/apache/commons/jcs3/JCSThrashTest.java,JCSThrashTest,N/A,104,"Remove this use of ""Thread.sleep()"".",MAJOR,java:S2925,"Remove this use of ""Thread.sleep()"".",20min
346,commons-jcs3-core/src/test/java/org/apache/commons/jcs3/JCSThrashTest.java,JCSThrashTest,N/A,198,This block of commented-out lines of code should be removed.,MAJOR,java:S125,This block of commented-out lines of code should be removed.,5min
347,commons-jcs3-core/src/test/java/org/apache/commons/jcs3/JCSThrashTest.java,JCSThrashTest,N/A,207,"Remove the declaration of thrown exception 'java.lang.Exception', as it cannot be thrown from method's body.",MINOR,java:S1130,"Remove the declaration of thrown exception 'java.lang.Exception', as it cannot be thrown from method's body.",5min
348,commons-jcs3-core/src/test/java/org/apache/commons/jcs3/JCSThrashTest.java,JCSThrashTest,N/A,232,"Remove the declaration of thrown exception 'java.lang.Exception', as it cannot be thrown from method's body.",MINOR,java:S1130,"Remove the declaration of thrown exception 'java.lang.Exception', as it cannot be thrown from method's body.",5min
349,commons-jcs3-core/src/test/java/org/apache/commons/jcs3/JCSvsHashtablePerformanceTest.java,JCSvsHashtablePerformanceTest,N/A,37,Remove this 'public' modifier.,INFO,java:S5786,Remove this 'public' modifier.,2min
350,commons-jcs3-core/src/test/java/org/apache/commons/jcs3/TestLogConfigurationUtil.java,TestLogConfigurationUtil,N/A,41,"Add a nested comment explaining why this method is empty, throw an UnsupportedOperationException or complete the implementation.",CRITICAL,java:S1186,"Add a nested comment explaining why this method is empty, throw an UnsupportedOperationException or complete the implementation.",5min
351,commons-jcs3-core/src/test/java/org/apache/commons/jcs3/TestLogConfigurationUtil.java,TestLogConfigurationUtil,N/A,52,Rename this variable to not match a restricted identifier.,MAJOR,java:S6213,Rename this variable to not match a restricted identifier.,5min
352,commons-jcs3-core/src/test/java/org/apache/commons/jcs3/TestLogConfigurationUtil.java,TestLogConfigurationUtil,N/A,73,"Remove this unused method parameter ""loggerName"".",MAJOR,java:S1172,"Remove this unused method parameter ""loggerName"".",5min
353,commons-jcs3-core/src/test/java/org/apache/commons/jcs3/TestTCPLateralCache.java,TestTCPLateralCache,N/A,38,Rename this constant name to match the regular expression '^[A-Z][A-Z0-9]*(_[A-Z0-9]+)*$'.,CRITICAL,java:S115,Rename this constant name to match the regular expression '^[A-Z][A-Z0-9]*(_[A-Z0-9]+)*$'.,2min
354,commons-jcs3-core/src/test/java/org/apache/commons/jcs3/TestTCPLateralCache.java,TestTCPLateralCache,N/A,104,This block of commented-out lines of code should be removed.,MAJOR,java:S125,This block of commented-out lines of code should be removed.,5min
355,commons-jcs3-core/src/test/java/org/apache/commons/jcs3/ZeroSizeCacheUnitTest.java,ZeroSizeCacheUnitTest,N/A,33,Rename this constant name to match the regular expression '^[A-Z][A-Z0-9]*(_[A-Z0-9]+)*$'.,CRITICAL,java:S115,Rename this constant name to match the regular expression '^[A-Z][A-Z0-9]*(_[A-Z0-9]+)*$'.,2min
356,commons-jcs3-core/src/test/java/org/apache/commons/jcs3/ZeroSizeCacheUnitTest.java,ZeroSizeCacheUnitTest,N/A,42,"Remove the declaration of thrown exception 'java.lang.Exception', as it cannot be thrown from method's body.",MINOR,java:S1130,"Remove the declaration of thrown exception 'java.lang.Exception', as it cannot be thrown from method's body.",5min
357,commons-jcs3-core/src/test/java/org/apache/commons/jcs3/ZeroSizeCacheUnitTest.java,ZeroSizeCacheUnitTest,N/A,74,"Remove this use of ""Thread.sleep()"".",MAJOR,java:S2925,"Remove this use of ""Thread.sleep()"".",20min
358,commons-jcs3-core/src/test/java/org/apache/commons/jcs3/access/CacheAccessUnitTest.java,CacheAccessUnitTest,N/A,144,This block of commented-out lines of code should be removed.,MAJOR,java:S125,This block of commented-out lines of code should be removed.,5min
359,commons-jcs3-core/src/test/java/org/apache/commons/jcs3/access/CacheAccessUnitTest.java,CacheAccessUnitTest,N/A,199,This block of commented-out lines of code should be removed.,MAJOR,java:S125,This block of commented-out lines of code should be removed.,5min
360,commons-jcs3-core/src/test/java/org/apache/commons/jcs3/access/CacheAccessUnitTest.java,CacheAccessUnitTest,N/A,226,Use assertThrows() instead of try/catch and fail() in the try block.,MINOR,java:S8714,Use assertThrows() instead of try/catch and fail() in the try block.,5min
361,commons-jcs3-core/src/test/java/org/apache/commons/jcs3/access/CacheAccessUnitTest.java,CacheAccessUnitTest,N/A,230,Use assertNotEquals instead.,MAJOR,java:S5785,Use assertNotEquals instead.,2min
362,commons-jcs3-core/src/test/java/org/apache/commons/jcs3/access/CacheAccessUnitTest.java,CacheAccessUnitTest,N/A,251,Use assertThrows() instead of try/catch and fail() in the try block.,MINOR,java:S8714,Use assertThrows() instead of try/catch and fail() in the try block.,5min
363,commons-jcs3-core/src/test/java/org/apache/commons/jcs3/access/CacheAccessUnitTest.java,CacheAccessUnitTest,N/A,255,Use assertNotEquals instead.,MAJOR,java:S5785,Use assertNotEquals instead.,2min
364,commons-jcs3-core/src/test/java/org/apache/commons/jcs3/access/CacheAccessUnitTest.java,CacheAccessUnitTest,N/A,281,Use assertThrows() instead of try/catch and fail() in the try block.,MINOR,java:S8714,Use assertThrows() instead of try/catch and fail() in the try block.,5min
365,commons-jcs3-core/src/test/java/org/apache/commons/jcs3/access/CacheAccessUnitTest.java,CacheAccessUnitTest,N/A,286,Use assertNotEquals instead.,MAJOR,java:S5785,Use assertNotEquals instead.,2min
366,commons-jcs3-core/src/test/java/org/apache/commons/jcs3/access/GroupCacheAccessUnitTest.java,GroupCacheAccessUnitTest,N/A,177,Use assertThrows() instead of try/catch and fail() in the try block.,MINOR,java:S8714,Use assertThrows() instead of try/catch and fail() in the try block.,5min
367,commons-jcs3-core/src/test/java/org/apache/commons/jcs3/access/GroupCacheAccessUnitTest.java,GroupCacheAccessUnitTest,N/A,181,Use assertNotEquals instead.,MAJOR,java:S5785,Use assertNotEquals instead.,2min
368,commons-jcs3-core/src/test/java/org/apache/commons/jcs3/access/GroupCacheAccessUnitTest.java,GroupCacheAccessUnitTest,N/A,203,Use assertThrows() instead of try/catch and fail() in the try block.,MINOR,java:S8714,Use assertThrows() instead of try/catch and fail() in the try block.,5min
369,commons-jcs3-core/src/test/java/org/apache/commons/jcs3/access/GroupCacheAccessUnitTest.java,GroupCacheAccessUnitTest,N/A,207,Use assertNotEquals instead.,MAJOR,java:S5785,Use assertNotEquals instead.,2min
370,commons-jcs3-core/src/test/java/org/apache/commons/jcs3/access/TestCacheAccess.java,TestCacheAccess,N/A,95,"A single-line comment should start with exactly two slashes, no more.",MINOR,java:S7476,"A single-line comment should start with exactly two slashes, no more.",5min
371,commons-jcs3-core/src/test/java/org/apache/commons/jcs3/access/TestCacheAccess.java,TestCacheAccess,N/A,113,"Rename this field ""cache_control"" to match the regular expression '^[a-z][a-zA-Z0-9]*$'.",MINOR,java:S116,"Rename this field ""cache_control"" to match the regular expression '^[a-z][a-zA-Z0-9]*$'.",2min
372,commons-jcs3-core/src/test/java/org/apache/commons/jcs3/access/TestCacheAccess.java,TestCacheAccess,N/A,116,"Rename this field ""group_cache_control"" to match the regular expression '^[a-z][a-zA-Z0-9]*$'.",MINOR,java:S116,"Rename this field ""group_cache_control"" to match the regular expression '^[a-z][a-zA-Z0-9]*$'.",2min
373,commons-jcs3-core/src/test/java/org/apache/commons/jcs3/access/TestCacheAccess.java,TestCacheAccess,N/A,445,"A single-line comment should start with exactly two slashes, no more.",MINOR,java:S7476,"A single-line comment should start with exactly two slashes, no more.",5min
374,commons-jcs3-core/src/test/java/org/apache/commons/jcs3/access/TestCacheAccess.java,TestCacheAccess,N/A,784,"Remove this useless assignment to local variable ""notDone"".",MAJOR,java:S1854,"Remove this useless assignment to local variable ""notDone"".",1min
375,commons-jcs3-core/src/test/java/org/apache/commons/jcs3/access/TestCacheAccess.java,TestCacheAccess,N/A,788,"A single-line comment should start with exactly two slashes, no more.",MINOR,java:S7476,"A single-line comment should start with exactly two slashes, no more.",5min
376,commons-jcs3-core/src/test/java/org/apache/commons/jcs3/admin/TestJMX.java,TestJMX,N/A,36,"Remove this use of ""Thread.sleep()"".",MAJOR,java:S2925,"Remove this use of ""Thread.sleep()"".",20min
377,commons-jcs3-core/src/test/java/org/apache/commons/jcs3/auxiliary/MockAuxiliaryCache.java,MockAuxiliaryCache,N/A,53,Complete the task associated to this TODO comment.,INFO,java:S1135,Complete the task associated to this TODO comment.,0min
378,commons-jcs3-core/src/test/java/org/apache/commons/jcs3/auxiliary/MockAuxiliaryCache.java,MockAuxiliaryCache,N/A,66,Complete the task associated to this TODO comment.,INFO,java:S1135,Complete the task associated to this TODO comment.,0min
379,commons-jcs3-core/src/test/java/org/apache/commons/jcs3/auxiliary/MockAuxiliaryCache.java,MockAuxiliaryCache,N/A,147,Complete the task associated to this TODO comment.,INFO,java:S1135,Complete the task associated to this TODO comment.,0min
380,commons-jcs3-core/src/test/java/org/apache/commons/jcs3/auxiliary/MockAuxiliaryCache.java,MockAuxiliaryCache,N/A,187,Complete the task associated to this TODO comment.,INFO,java:S1135,Complete the task associated to this TODO comment.,0min
381,commons-jcs3-core/src/test/java/org/apache/commons/jcs3/auxiliary/MockAuxiliaryCache.java,MockAuxiliaryCache,N/A,198,Complete the task associated to this TODO comment.,INFO,java:S1135,Complete the task associated to this TODO comment.,0min
382,commons-jcs3-core/src/test/java/org/apache/commons/jcs3/auxiliary/MockAuxiliaryCache.java,MockAuxiliaryCache,N/A,210,Complete the task associated to this TODO comment.,INFO,java:S1135,Complete the task associated to this TODO comment.,0min
383,commons-jcs3-core/src/test/java/org/apache/commons/jcs3/auxiliary/disk/AbstractDiskCacheUnitTest.java,AbstractDiskCacheUnitTest,N/A,119,This block of commented-out lines of code should be removed.,MAJOR,java:S125,This block of commented-out lines of code should be removed.,5min
384,commons-jcs3-core/src/test/java/org/apache/commons/jcs3/auxiliary/disk/AbstractDiskCacheUnitTest.java,AbstractDiskCacheUnitTest,N/A,131,This block of commented-out lines of code should be removed.,MAJOR,java:S125,This block of commented-out lines of code should be removed.,5min
385,commons-jcs3-core/src/test/java/org/apache/commons/jcs3/auxiliary/disk/AbstractDiskCacheUnitTest.java,AbstractDiskCacheUnitTest,N/A,166,This block of commented-out lines of code should be removed.,MAJOR,java:S125,This block of commented-out lines of code should be removed.,5min
386,commons-jcs3-core/src/test/java/org/apache/commons/jcs3/auxiliary/disk/AbstractDiskCacheUnitTest.java,AbstractDiskCacheUnitTest,N/A,178,This block of commented-out lines of code should be removed.,MAJOR,java:S125,This block of commented-out lines of code should be removed.,5min
387,commons-jcs3-core/src/test/java/org/apache/commons/jcs3/auxiliary/disk/AbstractDiskCacheUnitTest.java,AbstractDiskCacheUnitTest,N/A,276,Use assertNotEquals instead.,MAJOR,java:S5785,Use assertNotEquals instead.,2min
388,commons-jcs3-core/src/test/java/org/apache/commons/jcs3/auxiliary/disk/AbstractDiskCacheUnitTest.java,AbstractDiskCacheUnitTest,N/A,307,This block of commented-out lines of code should be removed.,MAJOR,java:S125,This block of commented-out lines of code should be removed.,5min
389,commons-jcs3-core/src/test/java/org/apache/commons/jcs3/auxiliary/disk/PurgatoryElementUnitTest.java,PurgatoryElementUnitTest,N/A,92,Use assertNotEquals instead.,MAJOR,java:S5785,Use assertNotEquals instead.,2min
390,commons-jcs3-core/src/test/java/org/apache/commons/jcs3/auxiliary/disk/PurgatoryElementUnitTest.java,PurgatoryElementUnitTest,N/A,93,Use assertNotEquals instead.,MAJOR,java:S5785,Use assertNotEquals instead.,2min
391,commons-jcs3-core/src/test/java/org/apache/commons/jcs3/auxiliary/disk/PurgatoryElementUnitTest.java,PurgatoryElementUnitTest,N/A,94,Use assertNotEquals instead.,MAJOR,java:S5785,Use assertNotEquals instead.,2min
392,commons-jcs3-core/src/test/java/org/apache/commons/jcs3/auxiliary/disk/block/AbstractBlockDiskCacheUnitTest.java,AbstractBlockDiskCacheUnitTest,N/A,176,This block of commented-out lines of code should be removed.,MAJOR,java:S125,This block of commented-out lines of code should be removed.,5min
393,commons-jcs3-core/src/test/java/org/apache/commons/jcs3/auxiliary/disk/block/AbstractBlockDiskCacheUnitTest.java,AbstractBlockDiskCacheUnitTest,N/A,196,This block of commented-out lines of code should be removed.,MAJOR,java:S125,This block of commented-out lines of code should be removed.,5min
394,commons-jcs3-core/src/test/java/org/apache/commons/jcs3/auxiliary/disk/block/AbstractBlockDiskCacheUnitTest.java,AbstractBlockDiskCacheUnitTest,N/A,242,"Remove this use of ""Thread.sleep()"".",MAJOR,java:S2925,"Remove this use of ""Thread.sleep()"".",20min
395,commons-jcs3-core/src/test/java/org/apache/commons/jcs3/auxiliary/disk/block/AbstractBlockDiskCacheUnitTest.java,AbstractBlockDiskCacheUnitTest,N/A,245,This block of commented-out lines of code should be removed.,MAJOR,java:S125,This block of commented-out lines of code should be removed.,5min
396,commons-jcs3-core/src/test/java/org/apache/commons/jcs3/auxiliary/disk/block/AbstractBlockDiskCacheUnitTest.java,AbstractBlockDiskCacheUnitTest,N/A,281,This block of commented-out lines of code should be removed.,MAJOR,java:S125,This block of commented-out lines of code should be removed.,5min
397,commons-jcs3-core/src/test/java/org/apache/commons/jcs3/auxiliary/disk/block/AbstractBlockDiskCacheUnitTest.java,AbstractBlockDiskCacheUnitTest,N/A,303,"Remove this use of ""Thread.sleep()"".",MAJOR,java:S2925,"Remove this use of ""Thread.sleep()"".",20min
398,commons-jcs3-core/src/test/java/org/apache/commons/jcs3/auxiliary/disk/block/AbstractBlockDiskCacheUnitTest.java,AbstractBlockDiskCacheUnitTest,N/A,309,This block of commented-out lines of code should be removed.,MAJOR,java:S125,This block of commented-out lines of code should be removed.,5min
399,commons-jcs3-core/src/test/java/org/apache/commons/jcs3/auxiliary/disk/block/AbstractBlockDiskCacheUnitTest.java,AbstractBlockDiskCacheUnitTest,N/A,466,This block of commented-out lines of code should be removed.,MAJOR,java:S125,This block of commented-out lines of code should be removed.,5min
400,commons-jcs3-core/src/test/java/org/apache/commons/jcs3/auxiliary/disk/block/AbstractBlockDiskCacheUnitTest.java,AbstractBlockDiskCacheUnitTest,N/A,483,"Remove this use of ""Thread.sleep()"".",MAJOR,java:S2925,"Remove this use of ""Thread.sleep()"".",20min
401,commons-jcs3-core/src/test/java/org/apache/commons/jcs3/auxiliary/disk/block/AbstractBlockDiskCacheUnitTest.java,AbstractBlockDiskCacheUnitTest,N/A,486,This block of commented-out lines of code should be removed.,MAJOR,java:S125,This block of commented-out lines of code should be removed.,5min
402,commons-jcs3-core/src/test/java/org/apache/commons/jcs3/auxiliary/disk/block/AbstractBlockDiskCacheUnitTest.java,AbstractBlockDiskCacheUnitTest,N/A,491,This block of commented-out lines of code should be removed.,MAJOR,java:S125,This block of commented-out lines of code should be removed.,5min
403,commons-jcs3-core/src/test/java/org/apache/commons/jcs3/auxiliary/disk/block/AbstractBlockDiskCacheUnitTest.java,AbstractBlockDiskCacheUnitTest,N/A,514,This block of commented-out lines of code should be removed.,MAJOR,java:S125,This block of commented-out lines of code should be removed.,5min
404,commons-jcs3-core/src/test/java/org/apache/commons/jcs3/auxiliary/disk/block/AbstractBlockDiskCacheUnitTest.java,AbstractBlockDiskCacheUnitTest,N/A,530,"Remove this use of ""Thread.sleep()"".",MAJOR,java:S2925,"Remove this use of ""Thread.sleep()"".",20min
405,commons-jcs3-core/src/test/java/org/apache/commons/jcs3/auxiliary/disk/block/AbstractBlockDiskCacheUnitTest.java,AbstractBlockDiskCacheUnitTest,N/A,533,This block of commented-out lines of code should be removed.,MAJOR,java:S125,This block of commented-out lines of code should be removed.,5min
406,commons-jcs3-core/src/test/java/org/apache/commons/jcs3/auxiliary/disk/block/AbstractBlockDiskCacheUnitTest.java,AbstractBlockDiskCacheUnitTest,N/A,558,This block of commented-out lines of code should be removed.,MAJOR,java:S125,This block of commented-out lines of code should be removed.,5min
407,commons-jcs3-core/src/test/java/org/apache/commons/jcs3/auxiliary/disk/block/AbstractBlockDiskCacheUnitTest.java,AbstractBlockDiskCacheUnitTest,N/A,576,"Remove this use of ""Thread.sleep()"".",MAJOR,java:S2925,"Remove this use of ""Thread.sleep()"".",20min
408,commons-jcs3-core/src/test/java/org/apache/commons/jcs3/auxiliary/disk/block/AbstractBlockDiskCacheUnitTest.java,AbstractBlockDiskCacheUnitTest,N/A,578,This block of commented-out lines of code should be removed.,MAJOR,java:S125,This block of commented-out lines of code should be removed.,5min
409,commons-jcs3-core/src/test/java/org/apache/commons/jcs3/auxiliary/disk/block/BlockDiskCacheConcurrentUnitTest.java,BlockDiskCacheConcurrentUnitTest,N/A,47,Rename this constant name to match the regular expression '^[A-Z][A-Z0-9]*(_[A-Z0-9]+)*$'.,CRITICAL,java:S115,Rename this constant name to match the regular expression '^[A-Z][A-Z0-9]*(_[A-Z0-9]+)*$'.,2min
410,commons-jcs3-core/src/test/java/org/apache/commons/jcs3/auxiliary/disk/block/BlockDiskCacheKeyStoreUnitTest.java,BlockDiskCacheKeyStoreUnitTest,N/A,48,This block of commented-out lines of code should be removed.,MAJOR,java:S125,This block of commented-out lines of code should be removed.,5min
411,commons-jcs3-core/src/test/java/org/apache/commons/jcs3/auxiliary/disk/block/BlockDiskCacheKeyStoreUnitTest.java,BlockDiskCacheKeyStoreUnitTest,N/A,86,"Remove the declaration of thrown exception 'java.lang.Exception', as it cannot be thrown from method's body.",MINOR,java:S1130,"Remove the declaration of thrown exception 'java.lang.Exception', as it cannot be thrown from method's body.",5min
412,commons-jcs3-core/src/test/java/org/apache/commons/jcs3/auxiliary/disk/block/BlockDiskCacheKeyStoreUnitTest.java,BlockDiskCacheKeyStoreUnitTest,N/A,100,"Remove the declaration of thrown exception 'java.lang.Exception', as it cannot be thrown from method's body.",MINOR,java:S1130,"Remove the declaration of thrown exception 'java.lang.Exception', as it cannot be thrown from method's body.",5min
413,commons-jcs3-core/src/test/java/org/apache/commons/jcs3/auxiliary/disk/block/BlockDiskCacheKeyStoreUnitTest.java,BlockDiskCacheKeyStoreUnitTest,N/A,122,"Remove the declaration of thrown exception 'java.lang.Exception', as it cannot be thrown from method's body.",MINOR,java:S1130,"Remove the declaration of thrown exception 'java.lang.Exception', as it cannot be thrown from method's body.",5min
414,commons-jcs3-core/src/test/java/org/apache/commons/jcs3/auxiliary/disk/block/BlockDiskCacheKeyStoreUnitTest.java,BlockDiskCacheKeyStoreUnitTest,N/A,144,This block of commented-out lines of code should be removed.,MAJOR,java:S125,This block of commented-out lines of code should be removed.,5min
415,commons-jcs3-core/src/test/java/org/apache/commons/jcs3/auxiliary/disk/block/BlockDiskCacheKeyStoreUnitTest.java,BlockDiskCacheKeyStoreUnitTest,N/A,157,This block of commented-out lines of code should be removed.,MAJOR,java:S125,This block of commented-out lines of code should be removed.,5min
416,commons-jcs3-core/src/test/java/org/apache/commons/jcs3/auxiliary/disk/block/BlockDiskCacheKeyStoreUnitTest.java,BlockDiskCacheKeyStoreUnitTest,N/A,182,"Update this method so that its implementation is not identical to ""testSaveLoadKeys"" on line 121.",MAJOR,java:S4144,"Update this method so that its implementation is not identical to ""testSaveLoadKeys"" on line 121.",15min
417,commons-jcs3-core/src/test/java/org/apache/commons/jcs3/auxiliary/disk/block/BlockDiskCacheKeyStoreUnitTest.java,BlockDiskCacheKeyStoreUnitTest,N/A,183,"Remove the declaration of thrown exception 'java.lang.Exception', as it cannot be thrown from method's body.",MINOR,java:S1130,"Remove the declaration of thrown exception 'java.lang.Exception', as it cannot be thrown from method's body.",5min
418,commons-jcs3-core/src/test/java/org/apache/commons/jcs3/auxiliary/disk/block/BlockDiskCacheRandomConcurrentTestUtil.java,BlockDiskCacheRandomConcurrentTestUtil,N/A,33,"Rename class ""BlockDiskCacheRandomConcurrentTestUtil"" to match the regular expression: '^((Test|IT)[a-zA-Z0-9_]+|[A-Z][a-zA-Z0-9_]*(Test|Tests|TestCase|IT|ITCase))$'",MINOR,java:S3577,"Rename class ""BlockDiskCacheRandomConcurrentTestUtil"" to match the regular expression: '^((Test|IT)[a-zA-Z0-9_]+|[A-Z][a-zA-Z0-9_]*(Test|Tests|TestCase|IT|ITCase))$'",5min
419,commons-jcs3-core/src/test/java/org/apache/commons/jcs3/auxiliary/disk/block/BlockDiskCacheRandomConcurrentTestUtil.java,BlockDiskCacheRandomConcurrentTestUtil,N/A,76,"Add a nested comment explaining why this method is empty, throw an UnsupportedOperationException or complete the implementation.",CRITICAL,java:S1186,"Add a nested comment explaining why this method is empty, throw an UnsupportedOperationException or complete the implementation.",5min
420,commons-jcs3-core/src/test/java/org/apache/commons/jcs3/auxiliary/disk/block/BlockDiskCacheRandomConcurrentTestUtil.java,BlockDiskCacheRandomConcurrentTestUtil,N/A,76,Add at least one assertion to this test case.,BLOCKER,java:S2699,Add at least one assertion to this test case.,10min
421,commons-jcs3-core/src/test/java/org/apache/commons/jcs3/auxiliary/disk/block/BlockDiskCacheSteadyLoadTest.java,BlockDiskCacheSteadyLoadTest,N/A,65,Add at least one assertion to this test case.,BLOCKER,java:S2699,Add at least one assertion to this test case.,10min
422,commons-jcs3-core/src/test/java/org/apache/commons/jcs3/auxiliary/disk/block/BlockDiskCacheSteadyLoadTest.java,BlockDiskCacheSteadyLoadTest,N/A,80,This block of commented-out lines of code should be removed.,MAJOR,java:S125,This block of commented-out lines of code should be removed.,5min
423,commons-jcs3-core/src/test/java/org/apache/commons/jcs3/auxiliary/disk/block/BlockDiskCacheSteadyLoadTest.java,BlockDiskCacheSteadyLoadTest,N/A,86,This block of commented-out lines of code should be removed.,MAJOR,java:S125,This block of commented-out lines of code should be removed.,5min
424,commons-jcs3-core/src/test/java/org/apache/commons/jcs3/auxiliary/disk/block/BlockDiskCacheSteadyLoadTest.java,BlockDiskCacheSteadyLoadTest,N/A,92,"Remove this use of ""Thread.sleep()"".",MAJOR,java:S2925,"Remove this use of ""Thread.sleep()"".",20min
425,commons-jcs3-core/src/test/java/org/apache/commons/jcs3/auxiliary/disk/block/BlockDiskCacheSteadyLoadTest.java,BlockDiskCacheSteadyLoadTest,N/A,93,This block of commented-out lines of code should be removed.,MAJOR,java:S125,This block of commented-out lines of code should be removed.,5min
426,commons-jcs3-core/src/test/java/org/apache/commons/jcs3/auxiliary/disk/block/BlockDiskCacheSteadyLoadTest.java,BlockDiskCacheSteadyLoadTest,N/A,96,This block of commented-out lines of code should be removed.,MAJOR,java:S125,This block of commented-out lines of code should be removed.,5min
427,commons-jcs3-core/src/test/java/org/apache/commons/jcs3/auxiliary/disk/block/BlockDiskCacheSteadyLoadTest.java,BlockDiskCacheSteadyLoadTest,N/A,108,This block of commented-out lines of code should be removed.,MAJOR,java:S125,This block of commented-out lines of code should be removed.,5min
428,commons-jcs3-core/src/test/java/org/apache/commons/jcs3/auxiliary/disk/block/BlockDiskCacheSteadyLoadTest.java,BlockDiskCacheSteadyLoadTest,N/A,132,"Remove this use of ""Thread.sleep()"".",MAJOR,java:S2925,"Remove this use of ""Thread.sleep()"".",20min
429,commons-jcs3-core/src/test/java/org/apache/commons/jcs3/auxiliary/disk/block/BlockDiskCacheSteadyLoadTest.java,BlockDiskCacheSteadyLoadTest,N/A,135,This block of commented-out lines of code should be removed.,MAJOR,java:S125,This block of commented-out lines of code should be removed.,5min
430,commons-jcs3-core/src/test/java/org/apache/commons/jcs3/auxiliary/disk/block/BlockDiskCacheSteadyLoadTest.java,BlockDiskCacheSteadyLoadTest,N/A,143,"Remove this use of ""Thread.sleep()"".",MAJOR,java:S2925,"Remove this use of ""Thread.sleep()"".",20min
431,commons-jcs3-core/src/test/java/org/apache/commons/jcs3/auxiliary/disk/block/BlockDiskCacheSteadyLoadTest.java,BlockDiskCacheSteadyLoadTest,N/A,144,This block of commented-out lines of code should be removed.,MAJOR,java:S125,This block of commented-out lines of code should be removed.,5min
432,commons-jcs3-core/src/test/java/org/apache/commons/jcs3/auxiliary/disk/block/BlockDiskCacheSteadyLoadTest.java,BlockDiskCacheSteadyLoadTest,N/A,147,"Remove this use of ""Thread.sleep()"".",MAJOR,java:S2925,"Remove this use of ""Thread.sleep()"".",20min
433,commons-jcs3-core/src/test/java/org/apache/commons/jcs3/auxiliary/disk/block/BlockDiskCacheSteadyLoadTest.java,BlockDiskCacheSteadyLoadTest,N/A,148,This block of commented-out lines of code should be removed.,MAJOR,java:S125,This block of commented-out lines of code should be removed.,5min
434,commons-jcs3-core/src/test/java/org/apache/commons/jcs3/auxiliary/disk/block/BlockDiskCacheSteadyLoadTest.java,BlockDiskCacheSteadyLoadTest,N/A,152,"Remove this use of ""Thread.sleep()"".",MAJOR,java:S2925,"Remove this use of ""Thread.sleep()"".",20min
435,commons-jcs3-core/src/test/java/org/apache/commons/jcs3/auxiliary/disk/block/BlockDiskCacheSteadyLoadTest.java,BlockDiskCacheSteadyLoadTest,N/A,154,This block of commented-out lines of code should be removed.,MAJOR,java:S125,This block of commented-out lines of code should be removed.,5min
436,commons-jcs3-core/src/test/java/org/apache/commons/jcs3/auxiliary/disk/block/BlockDiskUnitTest.java,BlockDiskUnitTest,N/A,61,"Remove the declaration of thrown exception 'java.lang.Exception', as it cannot be thrown from method's body.",MINOR,java:S1130,"Remove the declaration of thrown exception 'java.lang.Exception', as it cannot be thrown from method's body.",5min
437,commons-jcs3-core/src/test/java/org/apache/commons/jcs3/auxiliary/disk/block/BlockDiskUnitTest.java,BlockDiskUnitTest,N/A,262,This block of commented-out lines of code should be removed.,MAJOR,java:S125,This block of commented-out lines of code should be removed.,5min
438,commons-jcs3-core/src/test/java/org/apache/commons/jcs3/auxiliary/disk/block/HugeQuantityBlockDiskCacheLoadTest.java,HugeQuantityBlockDiskCacheLoadTest,N/A,46,"Remove this use of ""Thread.sleep()"".",MAJOR,java:S2925,"Remove this use of ""Thread.sleep()"".",20min
439,commons-jcs3-core/src/test/java/org/apache/commons/jcs3/auxiliary/disk/block/HugeQuantityBlockDiskCacheLoadTest.java,HugeQuantityBlockDiskCacheLoadTest,N/A,95,"Remove this use of ""Thread.sleep()"".",MAJOR,java:S2925,"Remove this use of ""Thread.sleep()"".",20min
440,commons-jcs3-core/src/test/java/org/apache/commons/jcs3/auxiliary/disk/block/HugeQuantityBlockDiskCacheLoadTest.java,HugeQuantityBlockDiskCacheLoadTest,N/A,115,This block of commented-out lines of code should be removed.,MAJOR,java:S125,This block of commented-out lines of code should be removed.,5min
441,commons-jcs3-core/src/test/java/org/apache/commons/jcs3/auxiliary/disk/block/HugeQuantityBlockDiskCacheLoadTest.java,HugeQuantityBlockDiskCacheLoadTest,N/A,119,This block of commented-out lines of code should be removed.,MAJOR,java:S125,This block of commented-out lines of code should be removed.,5min
442,commons-jcs3-core/src/test/java/org/apache/commons/jcs3/auxiliary/disk/indexed/AbstractIndexDiskCacheUnitTest.java,AbstractIndexDiskCacheUnitTest,N/A,125,Remove or merge the dangling Javadoc comment(s).,MAJOR,java:S8491,Remove or merge the dangling Javadoc comment(s).,5min
443,commons-jcs3-core/src/test/java/org/apache/commons/jcs3/auxiliary/disk/indexed/AbstractIndexDiskCacheUnitTest.java,AbstractIndexDiskCacheUnitTest,N/A,143,"Remove this use of ""Thread.sleep()"".",MAJOR,java:S2925,"Remove this use of ""Thread.sleep()"".",20min
444,commons-jcs3-core/src/test/java/org/apache/commons/jcs3/auxiliary/disk/indexed/AbstractIndexDiskCacheUnitTest.java,AbstractIndexDiskCacheUnitTest,N/A,156,This block of commented-out lines of code should be removed.,MAJOR,java:S125,This block of commented-out lines of code should be removed.,5min
445,commons-jcs3-core/src/test/java/org/apache/commons/jcs3/auxiliary/disk/indexed/AbstractIndexDiskCacheUnitTest.java,AbstractIndexDiskCacheUnitTest,N/A,219,This block of commented-out lines of code should be removed.,MAJOR,java:S125,This block of commented-out lines of code should be removed.,5min
446,commons-jcs3-core/src/test/java/org/apache/commons/jcs3/auxiliary/disk/indexed/AbstractIndexDiskCacheUnitTest.java,AbstractIndexDiskCacheUnitTest,N/A,257,"Remove this use of ""Thread.sleep()"".",MAJOR,java:S2925,"Remove this use of ""Thread.sleep()"".",20min
447,commons-jcs3-core/src/test/java/org/apache/commons/jcs3/auxiliary/disk/indexed/AbstractIndexDiskCacheUnitTest.java,AbstractIndexDiskCacheUnitTest,N/A,263,This block of commented-out lines of code should be removed.,MAJOR,java:S125,This block of commented-out lines of code should be removed.,5min
448,commons-jcs3-core/src/test/java/org/apache/commons/jcs3/auxiliary/disk/indexed/AbstractIndexDiskCacheUnitTest.java,AbstractIndexDiskCacheUnitTest,N/A,275,"Remove the declaration of thrown exception 'java.lang.Exception', as it cannot be thrown from method's body.",MINOR,java:S1130,"Remove the declaration of thrown exception 'java.lang.Exception', as it cannot be thrown from method's body.",5min
449,commons-jcs3-core/src/test/java/org/apache/commons/jcs3/auxiliary/disk/indexed/AbstractIndexDiskCacheUnitTest.java,AbstractIndexDiskCacheUnitTest,N/A,513,This block of commented-out lines of code should be removed.,MAJOR,java:S125,This block of commented-out lines of code should be removed.,5min
450,commons-jcs3-core/src/test/java/org/apache/commons/jcs3/auxiliary/disk/indexed/AbstractIndexDiskCacheUnitTest.java,AbstractIndexDiskCacheUnitTest,N/A,541,"Remove this use of ""Thread.sleep()"".",MAJOR,java:S2925,"Remove this use of ""Thread.sleep()"".",20min
451,commons-jcs3-core/src/test/java/org/apache/commons/jcs3/auxiliary/disk/indexed/AbstractIndexDiskCacheUnitTest.java,AbstractIndexDiskCacheUnitTest,N/A,547,This block of commented-out lines of code should be removed.,MAJOR,java:S125,This block of commented-out lines of code should be removed.,5min
452,commons-jcs3-core/src/test/java/org/apache/commons/jcs3/auxiliary/disk/indexed/AbstractIndexDiskCacheUnitTest.java,AbstractIndexDiskCacheUnitTest,N/A,559,"Remove the declaration of thrown exception 'java.io.IOException', as it cannot be thrown from method's body.",MINOR,java:S1130,"Remove the declaration of thrown exception 'java.io.IOException', as it cannot be thrown from method's body.",5min
453,commons-jcs3-core/src/test/java/org/apache/commons/jcs3/auxiliary/disk/indexed/AbstractIndexDiskCacheUnitTest.java,AbstractIndexDiskCacheUnitTest,N/A,581,"Remove this use of ""Thread.sleep()"".",MAJOR,java:S2925,"Remove this use of ""Thread.sleep()"".",20min
454,commons-jcs3-core/src/test/java/org/apache/commons/jcs3/auxiliary/disk/indexed/AbstractIndexDiskCacheUnitTest.java,AbstractIndexDiskCacheUnitTest,N/A,604,"Remove the declaration of thrown exception 'java.io.IOException', as it cannot be thrown from method's body.",MINOR,java:S1130,"Remove the declaration of thrown exception 'java.io.IOException', as it cannot be thrown from method's body.",5min
455,commons-jcs3-core/src/test/java/org/apache/commons/jcs3/auxiliary/disk/indexed/AbstractIndexDiskCacheUnitTest.java,AbstractIndexDiskCacheUnitTest,N/A,628,"Remove this use of ""Thread.sleep()"".",MAJOR,java:S2925,"Remove this use of ""Thread.sleep()"".",20min
456,commons-jcs3-core/src/test/java/org/apache/commons/jcs3/auxiliary/disk/indexed/AbstractIndexDiskCacheUnitTest.java,AbstractIndexDiskCacheUnitTest,N/A,792,"Update this method so that its implementation is not identical to ""testRemove_EventLogging_simple"" on line 660.",MAJOR,java:S4144,"Update this method so that its implementation is not identical to ""testRemove_EventLogging_simple"" on line 660.",15min
457,commons-jcs3-core/src/test/java/org/apache/commons/jcs3/auxiliary/disk/indexed/AbstractIndexDiskCacheUnitTest.java,AbstractIndexDiskCacheUnitTest,N/A,895,This block of commented-out lines of code should be removed.,MAJOR,java:S125,This block of commented-out lines of code should be removed.,5min
458,commons-jcs3-core/src/test/java/org/apache/commons/jcs3/auxiliary/disk/indexed/AbstractIndexDiskCacheUnitTest.java,AbstractIndexDiskCacheUnitTest,N/A,947,This block of commented-out lines of code should be removed.,MAJOR,java:S125,This block of commented-out lines of code should be removed.,5min
459,commons-jcs3-core/src/test/java/org/apache/commons/jcs3/auxiliary/disk/indexed/AbstractIndexDiskCacheUnitTest.java,AbstractIndexDiskCacheUnitTest,N/A,963,"Remove this use of ""Thread.sleep()"".",MAJOR,java:S2925,"Remove this use of ""Thread.sleep()"".",20min
460,commons-jcs3-core/src/test/java/org/apache/commons/jcs3/auxiliary/disk/indexed/AbstractIndexDiskCacheUnitTest.java,AbstractIndexDiskCacheUnitTest,N/A,966,This block of commented-out lines of code should be removed.,MAJOR,java:S125,This block of commented-out lines of code should be removed.,5min
461,commons-jcs3-core/src/test/java/org/apache/commons/jcs3/auxiliary/disk/indexed/AbstractIndexDiskCacheUnitTest.java,AbstractIndexDiskCacheUnitTest,N/A,991,This block of commented-out lines of code should be removed.,MAJOR,java:S125,This block of commented-out lines of code should be removed.,5min
462,commons-jcs3-core/src/test/java/org/apache/commons/jcs3/auxiliary/disk/indexed/AbstractIndexDiskCacheUnitTest.java,AbstractIndexDiskCacheUnitTest,N/A,1006,"Remove this use of ""Thread.sleep()"".",MAJOR,java:S2925,"Remove this use of ""Thread.sleep()"".",20min
463,commons-jcs3-core/src/test/java/org/apache/commons/jcs3/auxiliary/disk/indexed/AbstractIndexDiskCacheUnitTest.java,AbstractIndexDiskCacheUnitTest,N/A,1009,This block of commented-out lines of code should be removed.,MAJOR,java:S125,This block of commented-out lines of code should be removed.,5min
464,commons-jcs3-core/src/test/java/org/apache/commons/jcs3/auxiliary/disk/indexed/HugeQuantityIndDiskCacheLoadTest.java,HugeQuantityIndDiskCacheLoadTest,N/A,44,"Remove this use of ""Thread.sleep()"".",MAJOR,java:S2925,"Remove this use of ""Thread.sleep()"".",20min
465,commons-jcs3-core/src/test/java/org/apache/commons/jcs3/auxiliary/disk/indexed/HugeQuantityIndDiskCacheLoadTest.java,HugeQuantityIndDiskCacheLoadTest,N/A,86,"Remove this use of ""Thread.sleep()"".",MAJOR,java:S2925,"Remove this use of ""Thread.sleep()"".",20min
466,commons-jcs3-core/src/test/java/org/apache/commons/jcs3/auxiliary/disk/indexed/HugeQuantityIndDiskCacheLoadTest.java,HugeQuantityIndDiskCacheLoadTest,N/A,104,This block of commented-out lines of code should be removed.,MAJOR,java:S125,This block of commented-out lines of code should be removed.,5min
467,commons-jcs3-core/src/test/java/org/apache/commons/jcs3/auxiliary/disk/indexed/IndexDiskCacheCountUnitTest.java,IndexDiskCacheCountUnitTest,N/A,34,Remove this 'public' modifier.,INFO,java:S5786,Remove this 'public' modifier.,2min
468,commons-jcs3-core/src/test/java/org/apache/commons/jcs3/auxiliary/disk/indexed/IndexDiskCacheCountUnitTest.java,IndexDiskCacheCountUnitTest,N/A,60,This block of commented-out lines of code should be removed.,MAJOR,java:S125,This block of commented-out lines of code should be removed.,5min
469,commons-jcs3-core/src/test/java/org/apache/commons/jcs3/auxiliary/disk/indexed/IndexDiskCacheCountUnitTest.java,IndexDiskCacheCountUnitTest,N/A,65,This block of commented-out lines of code should be removed.,MAJOR,java:S125,This block of commented-out lines of code should be removed.,5min
470,commons-jcs3-core/src/test/java/org/apache/commons/jcs3/auxiliary/disk/indexed/IndexDiskCacheCountUnitTest.java,IndexDiskCacheCountUnitTest,N/A,71,This block of commented-out lines of code should be removed.,MAJOR,java:S125,This block of commented-out lines of code should be removed.,5min
471,commons-jcs3-core/src/test/java/org/apache/commons/jcs3/auxiliary/disk/indexed/IndexDiskCacheCountUnitTest.java,IndexDiskCacheCountUnitTest,N/A,80,This block of commented-out lines of code should be removed.,MAJOR,java:S125,This block of commented-out lines of code should be removed.,5min
472,commons-jcs3-core/src/test/java/org/apache/commons/jcs3/auxiliary/disk/indexed/IndexDiskCacheCountUnitTest.java,IndexDiskCacheCountUnitTest,N/A,91,This block of commented-out lines of code should be removed.,MAJOR,java:S125,This block of commented-out lines of code should be removed.,5min
473,commons-jcs3-core/src/test/java/org/apache/commons/jcs3/auxiliary/disk/indexed/IndexDiskCacheCountUnitTest.java,IndexDiskCacheCountUnitTest,N/A,95,This block of commented-out lines of code should be removed.,MAJOR,java:S125,This block of commented-out lines of code should be removed.,5min
474,commons-jcs3-core/src/test/java/org/apache/commons/jcs3/auxiliary/disk/indexed/IndexDiskCacheCountUnitTest.java,IndexDiskCacheCountUnitTest,N/A,114,Use assertDoesNotThrow() instead of try/catch and fail() in the catch block.,MINOR,java:S8714,Use assertDoesNotThrow() instead of try/catch and fail() in the catch block.,5min
475,commons-jcs3-core/src/test/java/org/apache/commons/jcs3/auxiliary/disk/indexed/IndexDiskCacheSizeUnitTest.java,IndexDiskCacheSizeUnitTest,N/A,35,Remove this 'public' modifier.,INFO,java:S5786,Remove this 'public' modifier.,2min
476,commons-jcs3-core/src/test/java/org/apache/commons/jcs3/auxiliary/disk/indexed/IndexDiskCacheSizeUnitTest.java,IndexDiskCacheSizeUnitTest,N/A,60,This block of commented-out lines of code should be removed.,MAJOR,java:S125,This block of commented-out lines of code should be removed.,5min
477,commons-jcs3-core/src/test/java/org/apache/commons/jcs3/auxiliary/disk/indexed/IndexDiskCacheSizeUnitTest.java,IndexDiskCacheSizeUnitTest,N/A,65,This block of commented-out lines of code should be removed.,MAJOR,java:S125,This block of commented-out lines of code should be removed.,5min
478,commons-jcs3-core/src/test/java/org/apache/commons/jcs3/auxiliary/disk/indexed/IndexDiskCacheSizeUnitTest.java,IndexDiskCacheSizeUnitTest,N/A,71,This block of commented-out lines of code should be removed.,MAJOR,java:S125,This block of commented-out lines of code should be removed.,5min
479,commons-jcs3-core/src/test/java/org/apache/commons/jcs3/auxiliary/disk/indexed/IndexDiskCacheSizeUnitTest.java,IndexDiskCacheSizeUnitTest,N/A,80,This block of commented-out lines of code should be removed.,MAJOR,java:S125,This block of commented-out lines of code should be removed.,5min
480,commons-jcs3-core/src/test/java/org/apache/commons/jcs3/auxiliary/disk/indexed/IndexDiskCacheSizeUnitTest.java,IndexDiskCacheSizeUnitTest,N/A,91,This block of commented-out lines of code should be removed.,MAJOR,java:S125,This block of commented-out lines of code should be removed.,5min
481,commons-jcs3-core/src/test/java/org/apache/commons/jcs3/auxiliary/disk/indexed/IndexDiskCacheSizeUnitTest.java,IndexDiskCacheSizeUnitTest,N/A,95,This block of commented-out lines of code should be removed.,MAJOR,java:S125,This block of commented-out lines of code should be removed.,5min
482,commons-jcs3-core/src/test/java/org/apache/commons/jcs3/auxiliary/disk/indexed/IndexDiskCacheSizeUnitTest.java,IndexDiskCacheSizeUnitTest,N/A,114,Use assertDoesNotThrow() instead of try/catch and fail() in the catch block.,MINOR,java:S8714,Use assertDoesNotThrow() instead of try/catch and fail() in the catch block.,5min
483,commons-jcs3-core/src/test/java/org/apache/commons/jcs3/auxiliary/disk/indexed/IndexedDiskCacheConcurrentNoDeadLockUnitTest.java,IndexedDiskCacheConcurrentNoDeadLockUnitTest,N/A,31,Remove this 'public' modifier.,INFO,java:S5786,Remove this 'public' modifier.,2min
484,commons-jcs3-core/src/test/java/org/apache/commons/jcs3/auxiliary/disk/indexed/IndexedDiskCacheConcurrentNoDeadLockUnitTest.java,IndexedDiskCacheConcurrentNoDeadLockUnitTest,N/A,49,Add at least one assertion to this test case.,BLOCKER,java:S2699,Add at least one assertion to this test case.,10min
485,commons-jcs3-core/src/test/java/org/apache/commons/jcs3/auxiliary/disk/indexed/IndexedDiskCacheConcurrentNoDeadLockUnitTest.java,IndexedDiskCacheConcurrentNoDeadLockUnitTest,N/A,56,Add at least one assertion to this test case.,BLOCKER,java:S2699,Add at least one assertion to this test case.,10min
486,commons-jcs3-core/src/test/java/org/apache/commons/jcs3/auxiliary/disk/indexed/IndexedDiskCacheConcurrentNoDeadLockUnitTest.java,IndexedDiskCacheConcurrentNoDeadLockUnitTest,N/A,63,Add at least one assertion to this test case.,BLOCKER,java:S2699,Add at least one assertion to this test case.,10min
487,commons-jcs3-core/src/test/java/org/apache/commons/jcs3/auxiliary/disk/indexed/IndexedDiskCacheConcurrentNoDeadLockUnitTest.java,IndexedDiskCacheConcurrentNoDeadLockUnitTest,N/A,70,Add at least one assertion to this test case.,BLOCKER,java:S2699,Add at least one assertion to this test case.,10min
488,commons-jcs3-core/src/test/java/org/apache/commons/jcs3/auxiliary/disk/indexed/IndexedDiskCacheConcurrentNoDeadLockUnitTest.java,IndexedDiskCacheConcurrentNoDeadLockUnitTest,N/A,77,Add at least one assertion to this test case.,BLOCKER,java:S2699,Add at least one assertion to this test case.,10min
489,commons-jcs3-core/src/test/java/org/apache/commons/jcs3/auxiliary/disk/indexed/IndexedDiskCacheConcurrentUnitTest.java,IndexedDiskCacheConcurrentUnitTest,N/A,43,Rename this constant name to match the regular expression '^[A-Z][A-Z0-9]*(_[A-Z0-9]+)*$'.,CRITICAL,java:S115,Rename this constant name to match the regular expression '^[A-Z][A-Z0-9]*(_[A-Z0-9]+)*$'.,2min
490,commons-jcs3-core/src/test/java/org/apache/commons/jcs3/auxiliary/disk/indexed/IndexedDiskCacheDefragPerformanceTest.java,IndexedDiskCacheDefragPerformanceTest,N/A,127,"Remove this use of ""Thread.sleep()"".",MAJOR,java:S2925,"Remove this use of ""Thread.sleep()"".",20min
491,commons-jcs3-core/src/test/java/org/apache/commons/jcs3/auxiliary/disk/indexed/IndexedDiskCacheDefragPerformanceTest.java,IndexedDiskCacheDefragPerformanceTest,N/A,137,"Remove this use of ""Thread.sleep()"".",MAJOR,java:S2925,"Remove this use of ""Thread.sleep()"".",20min
492,commons-jcs3-core/src/test/java/org/apache/commons/jcs3/auxiliary/disk/indexed/IndexedDiskCacheKeyStoreUnitTest.java,IndexedDiskCacheKeyStoreUnitTest,N/A,83,This block of commented-out lines of code should be removed.,MAJOR,java:S125,This block of commented-out lines of code should be removed.,5min
493,commons-jcs3-core/src/test/java/org/apache/commons/jcs3/auxiliary/disk/indexed/IndexedDiskCacheKeyStoreUnitTest.java,IndexedDiskCacheKeyStoreUnitTest,N/A,106,"Remove the declaration of thrown exception 'java.lang.Exception', as it cannot be thrown from method's body.",MINOR,java:S1130,"Remove the declaration of thrown exception 'java.lang.Exception', as it cannot be thrown from method's body.",5min
494,commons-jcs3-core/src/test/java/org/apache/commons/jcs3/auxiliary/disk/indexed/IndexedDiskCacheNoMemoryUnitTest.java,IndexedDiskCacheNoMemoryUnitTest,N/A,41,Remove this 'public' modifier.,INFO,java:S5786,Remove this 'public' modifier.,2min
495,commons-jcs3-core/src/test/java/org/apache/commons/jcs3/auxiliary/disk/indexed/IndexedDiskCacheNoMemoryUnitTest.java,IndexedDiskCacheNoMemoryUnitTest,N/A,44,Rename this constant name to match the regular expression '^[A-Z][A-Z0-9]*(_[A-Z0-9]+)*$'.,CRITICAL,java:S115,Rename this constant name to match the regular expression '^[A-Z][A-Z0-9]*(_[A-Z0-9]+)*$'.,2min
496,commons-jcs3-core/src/test/java/org/apache/commons/jcs3/auxiliary/disk/indexed/IndexedDiskCacheOptimizationUnitTest.java,IndexedDiskCacheOptimizationUnitTest,N/A,64,"Remove this use of ""Thread.sleep()"".",MAJOR,java:S2925,"Remove this use of ""Thread.sleep()"".",20min
497,commons-jcs3-core/src/test/java/org/apache/commons/jcs3/auxiliary/disk/indexed/IndexedDiskCacheOptimizationUnitTest.java,IndexedDiskCacheOptimizationUnitTest,N/A,66,This block of commented-out lines of code should be removed.,MAJOR,java:S125,This block of commented-out lines of code should be removed.,5min
498,commons-jcs3-core/src/test/java/org/apache/commons/jcs3/auxiliary/disk/indexed/IndexedDiskCacheSteadyLoadTest.java,IndexedDiskCacheSteadyLoadTest,N/A,66,Add at least one assertion to this test case.,BLOCKER,java:S2699,Add at least one assertion to this test case.,10min
499,commons-jcs3-core/src/test/java/org/apache/commons/jcs3/auxiliary/disk/indexed/IndexedDiskCacheSteadyLoadTest.java,IndexedDiskCacheSteadyLoadTest,N/A,95,"Remove this use of ""Thread.sleep()"".",MAJOR,java:S2925,"Remove this use of ""Thread.sleep()"".",20min
500,commons-jcs3-core/src/test/java/org/apache/commons/jcs3/auxiliary/disk/indexed/IndexedDiskCacheSteadyLoadTest.java,IndexedDiskCacheSteadyLoadTest,N/A,126,"Remove this use of ""Thread.sleep()"".",MAJOR,java:S2925,"Remove this use of ""Thread.sleep()"".",20min
